machine_type,air_temperature,process_temperature,rotational_speed,torque,tool_wear,operating_hours,vibration,pressure,failure
Type A,294.80465534201795,302.0781971318962,1222.6907165992482,27.58262187848633,84,3403.48119690515,2.4931213470039175,54.243299380360774,0
Type C,306.47050430031203,324.59610495942604,1416.85920463041,63.973765895977024,9,1367.3169703271524,3.4262720387101298,52.666780585518815,0
Type B,300.2422831192968,310.112385823627,1584.898155813796,50.87110198488766,113,3116.3440569473305,2.5015091898754545,44.95030560193333,0
Type B,298.02042975596703,312.13264401756373,1455.4741332950916,42.09202492486641,106,4669.231224974765,2.1110335755537375,56.04550759389074,0
Type B,299.256726485642,309.0435150096774,1146.6228504379537,54.25079332625445,156,3048.704329066621,2.852605322777711,54.33066758298386,0
Type C,301.56185412884315,311.43887879980105,1747.2661553438847,28.31365114010628,24,3334.5234465724075,2.010244113365783,63.27568119053895,0
Type A,304.31769939782845,311.9815820649404,815.2971407641666,37.113851212305065,153,4542.991437327153,2.820082907568355,69.0908535539272,0
Type C,293.0020143993143,303.47851011677943,1388.4087112428913,54.44250396402379,100,4295.489258204536,2.748304560485101,58.19515238289963,0
Type A,292.7088865716511,303.98088134930725,1344.950386361521,21.329398191050352,184,4521.751087651711,2.3863583993161024,50.123586350436355,0
Type A,307.73275450781773,314.595720472157,1537.0447194678536,45.604577749588046,245,727.4463899462971,2.839486943252096,59.52707064142948,0
Type B,297.1136418945669,306.61346423112735,1640.4154519506837,45.32176159845154,56,5233.52303844211,1.6073260418149888,55.06512046324331,0
Type C,290.0821053518219,297.64170988759344,1781.691202065259,59.69225816822163,188,4136.400435427929,2.5977772727949917,53.31912322352951,0
Type C,303.1066889656817,322.30534524414105,1321.89878166196,24.170445802777635,31,5961.47641402415,2.2223407691999606,48.96879215174132,0
Type C,303.2435886422288,312.8846655625823,1646.6455843333704,56.096310570316334,246,2717.673969225716,4.217358146370713,51.75045972544595,0
Type C,289.28499319920303,305.4659218059893,1548.9545969703652,34.40529256851097,120,1736.5493943510896,2.5934950417841245,53.75546292108321,0
Type C,301.6063720082452,310.82388268501444,1072.1151562041941,35.529905400881454,186,3507.2184567251766,2.142164770129938,60.628674745158136,0
Type B,305.14908164699864,316.1862322131383,1975.1350638585275,27.77995613040207,194,3224.627670242839,1.673018958368151,58.577179062855066,0
Type A,302.6207051619438,307.33524887536277,1140.3062181899502,29.12147962533075,152,4153.6639836148215,3.2832437180765597,67.77903300049947,0
Type C,304.4238703863298,312.6355800188583,1604.8743180774288,44.03522347453922,96,4574.928344586356,2.2899803682857334,59.7203665169253,0
Type B,290.17011631336476,301.01225499652173,1597.489986049437,28.876680852186446,188,3412.7058551205027,2.0251887597547484,57.970064471936524,0
Type B,302.3172810849734,318.66129640881286,1568.9091955822694,47.40284333652915,119,3259.2919541872743,2.7017795284054356,52.85638744169198,0
Type B,297.88166168370685,308.76959279441195,1376.3557794595981,33.370339530302466,164,4022.7198195161272,2.8898312988433923,47.737759127073026,0
Type A,296.62046888892746,312.15535033369946,1706.8131627851255,27.869661941513524,153,3243.671334307502,2.8803717599257173,51.010745907027996,0
Type C,306.09388926593806,318.65680570674976,1109.9081315142262,34.72190853640105,116,3160.0178991032126,2.511850253835617,50.101129360666505,0
Type C,310.3549215747196,326.8645269325783,1483.5428028315193,43.36707191756306,29,4537.134938675286,2.595514082132032,37.073652274477354,0
Type B,312.5605903822025,322.3244215129823,1359.0313308618854,37.226467380689805,73,4759.777856903573,2.6392222454084218,47.9395775219808,0
Type B,309.2036551005413,328.7645459431485,1330.675514483242,40.34210118332798,234,4583.966243863094,2.701837759377324,66.21546832956182,0
Type C,299.23186072858874,307.2902759169323,1607.1869468633865,46.96207461836084,130,3331.7702872744744,2.7549311175408895,57.58020149071295,0
Type B,302.4690411411844,309.4031938043937,1769.3696356799207,50.824214516169484,159,1360.211012246817,3.1566716507833275,52.364333012584325,0
Type B,305.3677601024897,310.52754870373354,1414.1860595407834,36.89904691410569,64,3351.793913607152,2.53384891721551,57.78935875498014,0
Type B,300.84824564509626,320.17234433132853,1695.1702724814443,29.557779844238414,176,2742.0199873229512,2.009918040501783,41.32616831989438,0
Type A,300.9153493153808,314.1931396058524,1512.4351663611496,40.760944789225164,121,3370.274980989412,2.4134249781375794,56.97468401523697,0
Type A,305.7662719231333,314.42978898961206,1276.816947690498,44.706495861040715,54,2828.9091072823912,2.952268491240998,63.942445842032384,0
Type B,299.5850214778185,314.58111226531247,1435.511976689734,25.392746940280496,36,3479.260144534398,1.4280832249690927,54.15218837037434,0
Type C,294.8949914453844,307.6457601858555,1425.1285273020962,31.09391702992415,98,2460.7243707684356,1.4315486827768233,42.59607331626002,0
Type A,297.098688539149,314.96319842465135,1325.8350218736384,32.80813104037059,141,2219.282563281621,3.0509656728353947,52.10241625656312,0
Type C,304.4373726441362,308.24604131317653,1607.1207321639583,37.92177811279623,70,4722.691482570892,3.4120736901107964,63.95483396488184,0
Type C,300.0209530383997,308.95951260514266,1558.6615469261899,32.38966096373214,61,2530.3423866323465,1.7408799789883158,56.81040759828368,0
Type A,302.3814698380784,310.53138430230706,1102.3375754326455,47.070407250969,67,3500.3316252563536,2.560275562499737,45.071829336445035,0
Type B,304.6905546954153,306.7958239897809,1087.1185011901605,23.948667985415824,73,4454.514846602836,2.2602729322497908,71.5734042542871,0
Type A,297.3761097597167,311.6174185788355,1606.1711133014387,24.202813028055754,184,4414.304126229573,2.343501932655026,46.22334038628407,0
Type C,305.29373714540867,314.21215092219524,1296.1783928013663,36.66111188488538,124,4294.848204915352,2.6833186052538496,53.2995279287075,0
Type C,302.65189822420876,315.610423044155,1575.5102887750809,38.24347195860143,117,3802.866514501535,1.7242778625935506,47.73829799543458,0
Type B,291.3563083916197,310.79539612893814,1695.232894527297,25.453561271418963,40,4224.0033085368495,1.8356694997045593,47.74798589560479,0
Type A,310.0961335383037,318.68315877099326,1182.2617906486103,33.93251157352435,136,4873.088132606154,2.319249296247265,51.834942189853905,0
Type C,296.49478679370156,304.8101748630729,1147.1156863559538,35.989561825809105,240,3925.0225939953734,2.412774641263504,59.453051118922545,0
Type B,288.4143325977037,298.8889892765997,1918.6079205988237,36.067020529778546,186,1662.7976531858164,1.8244269365894972,64.03372011653721,0
Type C,292.6846940328959,306.63368344482956,1587.8926957406147,41.518814832892915,111,2971.4667938499033,2.9737886048735107,52.29682279577278,0
Type C,292.8526838752517,300.5858317740111,1395.1898358316823,33.38421115576438,76,4196.370071722088,2.24946341613338,47.92899512070553,0
Type C,300.36521323060276,307.84136684207425,1266.514886838434,54.778363000082734,88,2872.904066290596,2.2469094363598927,58.350475216618655,0
Type C,298.08304646117637,312.31180354214183,1372.3897877731802,44.88204639733572,6,5120.106139458644,2.6695952741379405,58.555745052504314,0
Type A,297.64217622651586,309.156733521868,1202.3569159716724,31.928864793586783,7,3436.8201718335686,2.4226550343595004,56.68263434887415,0
Type B,304.33791375837734,306.15900070635803,1720.8530435226476,40.94511493367573,194,3585.2487713594364,3.002486087743488,56.93017869034713,0
Type B,302.37912752834893,307.4775603304725,1305.8122115984197,41.24015318605605,210,4624.744198901735,1.9399464773196002,54.21203487559423,0
Type B,302.21233509451,318.21727854981884,1773.3836470540668,52.14721474497781,242,3317.150102690707,1.6615680417619156,55.68705598189117,0
Type A,302.8687992013009,314.47651233361614,1399.842770057497,33.99617571083649,156,3676.277035728186,2.3141274617208354,53.728442099635004,0
Type B,304.31294267601567,311.26415895186665,1239.1624540956714,47.67338697720574,232,4399.123483999112,2.536141703761008,62.49170608925986,0
Type A,285.2443266075579,294.562687978618,1393.4246029965498,40.418544757824776,104,2027.7293841663138,1.7555464335414879,70.59921650494114,0
Type C,297.4489322341488,307.50187892535547,843.9583056246458,54.91566516448766,63,3214.7018376124506,1.6673478629798444,56.25757206195035,0
Type C,284.7385295485737,297.68146298969435,1469.8078558314983,52.90891452639408,61,4329.15329537912,2.6093786694027914,54.953994264200475,0
Type C,300.2524194875846,304.8193659081494,1457.4702022174604,41.969793045926004,59,3565.600148342594,2.0453316596110227,56.79102955983048,0
Type C,299.9675691944296,306.6037726397478,1706.185686636992,37.3771737898394,186,4967.333812077481,1.6284929697958481,50.39454739311696,0
Type B,307.3187259235278,318.41054894298134,1028.4237680041551,45.06605909679456,2,1924.0766418130818,3.0792047753884377,60.35484859773374,0
Type C,308.31344074904786,317.91410242706604,1790.466590215887,38.195499728728336,236,1809.9982320538668,2.1209231962437447,58.0882348635679,0
Type B,301.4194253377666,313.70686206831346,1705.149823749414,56.80307105978335,193,4269.686516622718,3.1898869623192145,52.05670854370116,0
Type A,296.4974724582217,301.5794428687833,1813.0108909246655,40.78470078177012,95,4365.8072149327745,2.5170824746656564,61.31446773329735,0
Type C,303.39612778782015,314.8246424929054,1486.8196559989656,35.94357367487163,175,3306.749993168167,2.676855317233182,55.13292837841771,0
Type B,296.3045765387298,310.6709110162397,1753.474208525689,35.40384913926074,33,3900.394400045724,2.3731001523418884,48.209603530679374,0
Type A,299.99025143989655,311.9375256284937,1132.1889912732736,27.869644148012927,107,4245.2069776314065,0.9069026532725819,57.46123111796072,0
Type B,306.90295421872537,317.4594011777717,1678.2618913011333,45.565591280933226,27,2686.1367941482536,1.8179281053677774,56.658947523795284,0
Type C,296.095600578074,305.7120661678101,1307.2093094750137,31.799887973604974,28,2793.151624950701,2.4245743241687654,61.72292702277437,0
Type A,305.6397504746975,312.3003458636115,1087.149541894266,50.98148252187747,1,3689.7261791986366,2.7188374823756227,60.82082865052394,0
Type B,304.7418095808461,314.453815211087,1218.96487045891,27.070649459984267,198,4404.08895989372,1.4261955865671276,54.23541568559867,0
Type A,293.31645728008425,308.35528069160586,1501.3827846573176,41.272414489732505,185,2334.0430736420153,2.467838975283723,51.69539144510529,0
Type C,306.8172588975218,316.3411448711213,1293.9251979455992,51.50223758497454,223,3302.052368064981,1.8266415476715812,55.012206250404596,0
Type B,304.88996441760054,311.3307484602069,1594.01838292395,18.477529353763636,245,3255.763368295561,2.6407720990537924,57.54316215768059,0
Type A,300.7134812116086,308.7444928565471,1047.9406112489955,60.18265543792186,241,3917.9591050427643,2.488359528580105,58.386280644355345,0
Type A,294.66373579380644,305.4671369829102,968.2256140960346,35.747148028018906,248,3491.3016299911656,2.946100961457744,57.109885456952824,0
Type B,293.985557869971,302.4915018812476,1843.096858535894,41.41095382162139,3,2954.1164161971406,3.1400937581125112,54.36466639569762,0
Type C,296.2363619616788,308.1775750939314,1725.9500323503587,45.714492255163435,196,4748.565780757406,2.7753939395644176,61.97771914016256,0
Type C,303.7981612430437,315.8895362860398,1237.675791021548,47.26129056115553,180,2960.74251837918,3.0162361533823447,50.27988674134706,0
Type B,293.3106238281902,306.8665565498088,1499.250089132365,42.73883938259682,40,3207.9036369785463,2.289794514445697,72.35582416508376,0
Type A,303.0625857403391,318.7568236293992,1754.876765050331,49.97384583706368,34,1908.5023640803765,4.193870446760287,60.341492661076316,0
Type C,291.30771129785126,305.2911461953407,1604.8001520726514,45.190707129218126,244,2786.374123154105,1.7687085421030715,47.10760217780993,0
Type B,298.57151990892805,304.8345636523362,1537.0557740458696,57.608811400323034,220,4016.07607633905,2.183346533254407,56.29660531655491,0
Type C,300.76753428201806,307.15339649571297,1773.7885203281494,45.223275428545975,81,3820.60195635486,3.040815149648136,60.40878462622492,0
Type A,317.1159110154124,326.8128251095731,1317.3218811996949,59.646355198830875,18,4099.516990065762,2.9516327829165956,52.55441626136203,0
Type A,290.3587904113574,298.5540889823997,1507.794612166157,49.01078840237656,83,4050.9822859456704,2.7924334114854092,44.533991666963054,0
Type C,310.30410196543096,315.7507950575872,1495.537840426902,21.942498742317373,1,5587.714036295154,2.9051911947958646,47.726552408807734,0
Type C,301.04889689791094,309.28212972121895,1431.8094880822393,66.11102678387842,171,2752.1411725530897,1.2498657072363757,58.794650610418856,0
Type B,302.8782034261117,310.98015169163557,1402.548622144812,34.256558915227814,95,1880.5762565652115,3.4535792167227006,42.7176846920214,0
Type C,300.8284353937174,308.1410444346726,1518.2170594571228,54.95544015201735,12,2449.447003928476,2.377665424680031,44.85458799707784,0
Type C,303.11308772736663,311.8499297827466,1508.601873996382,40.267934431194384,244,2796.3481641684084,3.247536509362511,58.75784322853748,0
Type B,298.92420426946586,313.63800767073917,1237.8930893663685,50.610902576025794,206,2525.673063383089,1.2798840526192266,53.442155482072195,0
Type C,310.1783512702022,320.9753034351992,1700.4489774751119,33.11521089134206,226,3593.660847644854,2.6539411020887145,50.12953727276642,0
Type A,296.80470199042696,316.6919382946488,1255.9036980584353,46.25744543089588,249,4752.654905557021,2.1618986325130907,51.53687496874227,0
Type A,307.92564200525476,318.60767474933334,1445.4416388632064,37.468094546055944,3,5039.659072969915,2.843272090948782,44.70430331008976,0
Type C,295.48943015850887,304.32916706275984,1426.179881819987,55.790031115898884,193,4004.3085018466045,2.6902422714813072,58.39117401318462,0
Type B,299.578237075191,309.5947686058105,1589.525903164804,44.38668167417009,196,5641.272215454015,2.719628678499507,49.35419511487788,0
Type A,292.49626213396846,303.5222300477426,970.2240149456668,49.35942641301566,195,3143.626943433581,1.864634987061105,51.24973470791291,0
Type C,303.1851660424326,314.9261818711169,1722.7274537323647,18.359231285269296,66,1867.4809579975736,2.4658185275088336,57.42749595611025,0
Type A,310.11588169848574,328.4227270019218,1330.752413096959,39.144273202113745,97,4553.17806788817,2.3918997712423953,53.203607251820486,0
Type C,299.45850674125404,306.0772248813438,1804.9908236942636,44.10551635058296,232,1661.4056082509373,2.7971860250244593,50.06742683255965,0
Type A,298.62180010907264,312.0579843417836,1380.4587688709614,42.23614906439707,16,2744.996977300196,3.09357819726008,41.0739310269325,0
Type C,292.19768125852454,303.02868364898103,1487.7891035664973,49.611572137178506,160,4020.1122324227963,2.590285553205169,57.571980921074704,0
Type C,298.39495142513385,302.1105604548514,1978.446510017106,36.340957548625454,198,3397.6185199512192,1.7342966269668407,55.552950773258814,0
Type C,288.8504401819493,301.93323531032837,1430.6654478015828,40.48787105034631,199,3309.047237128494,2.5645472857400606,51.378287796216384,0
Type B,293.6098540929682,308.6803483361838,1809.7124711683646,51.81226764414992,149,2319.2099671799942,4.066645737045557,47.738206261732074,0
Type B,301.58750232276395,308.15879670765423,1509.76127139114,17.21310996554643,191,3489.197610566663,3.4876031961926715,55.089337350574674,0
Type C,309.2330923841898,319.1973569126219,1603.8547075733725,45.893505016383415,227,4503.662488737792,0.7153602623453805,58.36330232368038,0
Type A,319.66447602860654,322.76305898057575,1517.4896473528436,36.66115174006447,191,3519.967916536019,2.5380058922169066,55.68431216927013,0
Type C,295.8939044045037,300.85867856576635,1711.962906575031,30.876818754463784,28,2669.7741203589394,3.0592717151532067,66.46645864344507,0
Type B,310.0471010965181,324.2392194069871,1328.6170967867372,43.3654422427598,61,2252.4615394026696,2.3906037924592125,59.9334215182352,0
Type B,301.70626736281156,309.8406013387818,1253.9878692452037,52.274512968086555,76,2690.4054170444215,2.2239454479136698,54.24901837228171,0
Type B,298.9412664727754,304.5060545730232,1340.3559524057446,50.39143831484181,85,3892.3337524143585,2.3398214709499072,60.167951292675944,0
Type B,303.02816116208305,313.9460026199168,1524.9275940810228,38.648869690933715,90,3843.60226235971,2.8313136912607915,55.34063594873755,0
Type A,300.4334153857597,308.3437656600356,1444.7953036124177,48.757409637609484,54,2699.492899404331,1.8109180153749946,55.31634928165858,0
Type A,300.7727700792855,308.8894834481834,1677.5687191177942,48.68067898445844,170,1289.240578017942,3.2132131909656225,64.07454658117716,0
Type A,297.1416678602133,310.0989719629129,1826.18292495538,39.12628729506833,27,3920.012763672165,2.4664042049811585,48.71359485301637,0
Type A,290.21323238140803,295.56629894567067,1256.0404156912477,33.06919448011792,196,2602.2926010247493,1.9389854355330705,55.16316753638471,0
Type B,289.19462358234546,295.57316273161814,1316.512802096517,33.6476596887767,164,4189.062479015283,3.174610096839217,63.327970018547234,0
Type C,304.5727141829686,315.18903415156404,1140.9401454217864,48.37853348868137,240,2743.89035787225,1.5729214569330152,57.162933907224236,0
Type B,298.0630993694,311.9407385323928,2007.593247689776,39.57853186287309,1,2512.0995463301915,2.1668739417990497,52.416629102418554,0
Type B,295.8273777024068,310.78001890836623,1576.1673747804566,29.538177802694115,73,3653.1719072595843,2.1569949608289014,43.056881642380816,0
Type C,300.0595393870621,307.3992925056156,1619.9505800128945,23.15137164490875,224,5857.699230026368,3.786365162941679,39.107571404644034,0
Type B,305.5645257704094,319.31403363808795,1164.947903742238,48.318314520963796,123,4249.029991116573,2.088987538816334,69.53326832832524,0
Type A,301.2625476011848,308.12597842730315,1499.7075027482813,34.53221577735776,140,3636.2192992058517,1.207020867699937,57.15958274875568,0
Type C,295.40761544351324,312.7124528311404,1627.3119961032712,43.30387755655982,7,3858.8515363809684,2.150910930832515,50.911488026396164,0
Type B,308.58405068954266,314.04896658786373,1436.8105773663938,52.39706907069124,190,1748.8841385144028,2.773330208442867,57.44619822390889,0
Type B,311.05429852087144,326.3682137640384,1768.9264062065986,26.91075523146515,63,2377.6596292474437,2.9704507279501624,48.366281031876554,0
Type B,303.46189658725996,310.8359521599851,2077.9577814107074,39.54862619487155,240,989.071134952861,3.8659238160656635,52.68159105822614,0
Type B,306.8156445794086,324.868630398587,1263.2342932265121,38.293058537811305,93,5229.873894576623,3.3441385425915287,48.413417249049246,0
Type A,308.6937199776967,321.0590028931066,1244.4781885058258,43.79742875627961,47,5027.3860291557485,2.6127535563490913,45.10708490804847,0
Type B,307.9106952148316,313.84662909719873,1280.5609836178558,52.39159998420435,148,3892.81852621491,1.9651507194551336,40.265105379134546,0
Type C,304.29869423978835,312.2097403216183,1901.5497900041228,26.70548185337592,119,3635.1151030842047,3.474416458808415,43.81639825439816,0
Type A,304.1884293295242,317.31315415041917,1760.5888292574211,45.697979487057665,117,1948.4099975024199,2.278861869804261,62.14901434756222,0
Type B,303.6376240134255,317.8482016838878,1466.1180455515878,50.31523774993701,237,3280.700039749309,2.105105658271237,48.09182627152978,0
Type A,292.3186362781707,302.0357739112728,1509.1399161002187,38.136229360432175,91,5292.391878403892,2.249755718707558,58.74424478262016,0
Type B,304.9050620980171,315.0836952218709,1295.8640934508196,38.625530071068766,99,3631.415998195714,1.7486270566619142,61.6965317289165,0
Type B,290.5093022021141,303.54271433269037,1722.506789435796,44.18449368984922,156,2935.353533788104,2.2209879452974146,55.1160577964522,0
Type C,294.4378038141246,304.9649975221679,1405.0245439728615,43.44817077889788,42,1741.9293399963867,2.360135002012951,52.910029513752505,0
Type A,309.1249554746566,313.9509360373031,1434.9808651362503,45.823526073671225,207,4880.305727730805,2.938393963487271,55.93116044369365,0
Type A,305.8815411388594,312.62964504029867,1652.1974428823141,45.61280526401217,57,3429.916198972344,2.267146998939389,52.0836574343312,0
Type B,310.41178802780104,321.3522678004077,1453.0012654791947,30.180276943843488,60,1743.2661466371708,1.7395244548968907,63.427364834396414,0
Type C,298.09827931418897,312.96020898017974,1441.2585016255384,49.90266497704943,2,2575.734317928458,1.5377367068459802,68.13573711901145,0
Type C,291.9342581110626,308.39818780771077,1502.6438013822687,51.66783162190238,85,2222.46198264187,2.6257418485138695,65.14868281259669,0
Type A,298.3169396205076,311.4350573035934,1698.8388534482692,41.86082893690298,145,3368.256474288028,2.5435755120815347,39.939057356585025,0
Type A,300.714219080684,311.86338212482946,1911.6232688709583,25.05844693450333,176,3707.338969612819,2.167412373272099,51.940812687979204,0
Type C,300.55292101438005,313.54817655830993,1646.3715580615205,38.8525429399991,224,2996.7829357214755,2.2195261237047577,55.02911397146809,0
Type A,307.9357633512969,315.2687599504695,1700.8285559060669,41.944058769405686,194,4277.046596486882,2.733092159679502,58.2414057229578,0
Type C,297.4711070249759,306.858183183943,1450.036484474719,28.553997622131828,80,3578.8022404724416,3.3343277522136083,42.908798236085666,0
Type A,302.46424130262045,309.16771841726256,1323.0505342078209,36.398619364229866,206,4562.31238527213,2.0319132495136074,42.79589437741724,0
Type C,293.07960995395774,298.0846395111269,1663.4965580587786,25.906306124414584,48,3142.805921919281,2.5533417017292597,64.14752824737775,0
Type A,303.15222094630667,314.4864169928515,1542.810206150143,46.07292224986444,52,6545.325592011146,3.074962242403194,51.086164769731546,0
Type B,300.02175985129946,310.7638130776384,1144.3428378125627,41.65955314902051,89,2935.5112765260424,2.0343314258816503,44.58815563082737,0
Type B,294.7513066320084,307.50191657004444,1417.9825941436004,23.542168351857555,134,2596.670008244128,2.490620731262017,47.274514345939274,0
Type A,298.349194464776,310.5336417883458,1479.2757441296117,43.51464861581981,50,2473.699449904242,2.4772026381474004,57.733322503185505,0
Type B,298.71076977439344,309.6813468596889,1372.3855332428802,39.434910526097084,225,3289.0592734456945,1.7132228589738885,49.24216619475553,0
Type B,298.10891409464034,310.33538075735055,1870.433898635532,45.16414282754405,67,1780.4639091342162,2.6010992768593737,56.69137949528835,0
Type C,312.39938869587377,322.22865631096386,1619.959759225554,36.08467566244572,97,3794.562843827811,2.518926807162659,48.14890846077447,0
Type C,299.3108779838448,310.96244356473443,1843.2937294721619,31.98520599256976,151,1594.696230435193,2.8330505497576346,42.79059910831186,0
Type B,298.2927272287586,305.3881496180132,1565.85631541304,32.29155373542193,107,3661.6709240572313,1.7878681152035725,64.97066114254928,0
Type B,285.317843296729,296.7966669992855,1520.3469591062694,34.61829783451596,100,2148.748255903647,2.505982231156735,57.78732937902283,0
Type B,293.74054853614365,306.4142192772877,1265.8505455974378,40.18825096581047,246,3118.706592619907,3.329040438193485,52.66374397133318,0
Type B,298.15848602880556,305.4797603165167,1502.9823832991417,41.47958465424792,108,4104.540399132359,3.7464998991473717,51.35046794822873,0
Type C,295.1990312667635,305.40635966273487,1503.26348141886,38.09280122191897,28,5804.037683876353,3.268077561382966,65.25430258352665,0
Type A,309.67195315364455,317.1775431151271,1158.2215289914416,35.76680451003481,182,2421.999479218843,1.7937570966098546,59.140710318701075,0
Type A,298.84543557222645,306.739408786162,1365.1181325574012,36.48596731994518,176,3349.6825505736083,2.770631609226176,63.02769122145031,0
Type B,309.01910974522775,314.51939232481914,1419.1793503709093,65.07724785506933,54,2776.241325224458,2.2101120550233317,50.9141512575756,0
Type A,300.4319324383526,315.4950321390188,1603.3698860139305,32.29274848501791,212,2630.1296774392044,2.6703403558779524,55.35466578125705,0
Type A,300.260594854951,314.5233355538312,1615.3375279964266,34.42027991453807,97,2785.0266700304555,2.0366699765338456,57.81539241197572,0
Type A,299.3784248660125,311.5281602829218,1354.6703795086987,72.93854108368149,37,4324.066475636939,1.47191593488862,51.14951623480311,0
Type C,300.0265737613502,317.9153575691255,1617.2174006354712,44.210133024605526,43,3011.9441357696205,2.2932896567801,54.33127523697452,0
Type C,312.031565021349,321.27458223507546,1454.4802676628708,26.200193340963043,178,5749.3126982708545,2.933561617966009,50.914727620817246,0
Type C,283.7627249127415,305.889774573184,782.5949937862608,48.42687203977263,54,3915.979255894734,2.6727998532842867,57.79341438251552,0
Type B,285.9891797889293,295.0790621274764,1378.8244920121144,30.899611107988523,117,2489.9893388259247,2.741768715948612,45.75024085304594,0
Type C,296.19780418260723,307.2185775896313,1769.7471600355946,49.09061507805097,183,3133.2948178549227,2.629810193787627,59.00379013472941,0
Type A,300.101695173563,308.51058351780216,1079.5485608430802,37.89037720629319,213,2698.1530099600104,2.7427164849074264,57.174992412200375,0
Type C,304.83073097334807,316.3200332135893,1528.172800103885,35.60204150510593,122,4300.068652946714,2.817707055452021,53.576840300448744,0
Type B,303.31161038619234,316.6540700977373,1896.3153035463217,56.09164968827583,226,1861.2203434347473,2.335191142627229,58.14662001956459,0
Type C,297.310278609836,306.85461303762366,1309.8467617473798,45.66401352659245,75,2159.0486195641897,2.54973433685177,52.44541675386916,0
Type A,307.13330585269233,324.2401852411628,1500.5372701069214,49.729894374492076,218,2908.4538812508586,3.545955024921814,50.309084810708995,0
Type B,307.2113678220691,318.16796496060294,1173.9959356930196,44.34919679519946,62,4182.946793138325,2.5852186174006833,58.80608308352075,0
Type C,301.288404818901,312.37034636334175,1906.807785415893,35.555554762069015,16,4733.060274822772,2.5255380978723507,59.1090980360806,0
Type B,306.7386030074079,313.10261222935304,1479.1668432508463,46.113544202582084,181,4880.542190772843,2.5617307043358397,51.44910832833676,0
Type B,301.9085168440249,313.58251314222645,1511.6567106985046,52.0921539268446,189,4029.8015199475303,2.3692548890102683,50.84863395429859,0
Type A,296.0696188125198,305.53350992928233,1838.5751163764055,41.34738043517553,231,3417.11046364198,2.238786421767518,53.71918561367681,0
Type B,304.88471787300006,312.4517589556509,1665.3695986613702,58.01642604346506,230,4294.625812313992,2.625207114619259,51.13596043030188,0
Type A,300.77429185805073,307.6683942254573,1281.092816875815,48.50487203201909,25,2355.4993825682895,2.1965708788245095,65.67583376917588,0
Type A,300.00937892728143,320.69643244630817,1338.180518978171,42.11982549771612,155,1655.3427779837734,2.4126910423136705,57.21532999935945,0
Type C,310.310675005327,319.2567660046109,1623.7328261308246,42.51486531017818,176,3936.637577686489,2.0256911760842278,55.10220163483051,0
Type B,282.8438951002194,287.01595341709435,1343.969736234265,41.372371289676245,150,2494.32158285115,2.5648070827205904,48.4709251841768,0
Type B,290.076210808883,297.2833249699527,970.6891719698683,27.487612144050082,4,3434.6932678345192,2.8505169665056167,60.17292612925648,0
Type B,291.6905070153794,301.4842356574745,1486.6898003402305,39.09927804191395,11,3619.6270158728144,2.3728510840534507,50.71876570038909,0
Type C,297.4571754670184,309.6438435974843,1129.9468347187976,42.21186485341167,167,3748.1195591782966,1.2949729378664105,50.43076882243272,0
Type A,298.2177428116378,310.436928898539,1904.0704383909315,35.839148787334715,214,4437.791538525052,2.854222926433283,60.4083026415361,0
Type B,289.4487204655887,302.1551786726948,1544.1969094407882,43.37677018704695,44,4332.075188291731,2.572110305655856,57.71125904694328,0
Type A,293.1038937738242,300.5244525472749,1273.706235814106,40.21307490355111,11,3695.0000671676903,1.9040611299919241,37.475866736051096,0
Type B,293.974108250335,305.3358700243412,1325.3418963343865,47.73691891098768,101,3057.9847195305942,2.963962145393964,53.89560465364983,0
Type C,317.20196864453123,323.6977307880889,1027.65060303152,46.631123810657314,78,3607.762088676321,1.6609448795704918,55.87863734383334,0
Type B,312.61219363423004,320.13362170217397,1225.134528304874,41.67153287584841,245,2903.7895833250786,3.127244569194681,52.62282690953188,0
Type C,297.11775407620746,303.44691817820643,1754.080800635175,26.327871086980018,231,3303.571077993829,2.465580028211672,56.12254565982863,0
Type B,297.4549169678524,302.7013615494593,2057.946536373098,57.907227386811705,139,6118.173423580413,1.1386809547736017,42.33218397963692,0
Type C,291.95557201968194,306.212409975114,1681.5991282997397,38.58109001428857,237,3682.1897008835404,2.6069977523579424,35.182855804614924,0
Type B,286.6430871074231,299.39753391133866,1476.9893653447427,39.19113546304868,57,3950.2450170375487,2.2562845791454382,48.171722331408105,0
Type A,299.18183869514036,313.0885001750529,1392.010156086521,36.574791513006126,247,2794.519350969638,2.1658904249061184,56.97572985237005,0
Type C,293.0150361172918,303.17228838138897,1260.8760466059093,35.115883439344636,111,4520.073416429868,2.057364543126269,32.42530640035377,0
Type C,299.4060462783659,312.5132770738265,2014.941474834935,55.44058048000524,119,4260.272422663425,2.4236705254840762,49.09517752932345,0
Type A,288.79855905669564,291.7534014381255,1452.8128245339062,53.8604432038608,12,4267.3525546550845,2.208886791299715,41.54067321560429,0
Type C,294.6661787918282,308.11852886400965,2028.907457515626,44.44393403577671,44,3714.8912467534633,1.3859858540869687,53.30163079228056,0
Type A,301.0403896671198,311.74886898713993,1848.3798774025154,38.924998455692744,48,4534.19009576677,3.263240732006323,68.70529480569095,0
Type C,302.56346718448754,315.0719055850842,1064.8008921634316,46.19117985013753,121,4771.685196634733,2.353385406422917,53.479768037351285,0
Type C,302.9223037111941,314.44239690738857,1333.511901060177,40.737969817693724,47,3783.098919349295,2.060838990473042,54.24748008268392,0
Type B,290.75657711090076,296.8083564927532,1332.7387189565443,38.097770816769014,25,3385.3876409996774,1.8229457904728013,60.87461658551763,0
Type C,305.9828001109489,309.9906410093847,1480.038408973565,43.3810592150633,151,4394.57099011476,2.9624392404717526,55.149145904674015,0
Type A,294.398518123787,301.55030145905516,1484.9214367215616,35.58842253054555,218,2595.874693440256,1.720940818542085,53.49505760867463,0
Type A,304.43000540225114,316.6896745273428,2249.0597738495358,42.52264264003433,17,2782.0397193846734,2.58039238111478,61.48652146901503,0
Type A,299.9255292636727,312.6858949243742,1230.6930313813104,42.04220925621635,140,3446.6996571150985,2.149810598875851,58.30321005358264,0
Type B,290.36528750645437,294.89351839692694,1557.2424839160974,46.02936021257924,240,1758.6429315618545,2.1847482036626005,57.02038033096517,0
Type C,297.7866160679317,303.8622185980588,1654.1269356169507,33.80863042524391,101,4327.595273563425,1.8378642814144601,54.02853893202774,0
Type A,302.5575461944464,309.66460345068305,1499.606998882701,47.101363528765404,45,2537.0861125341767,2.127808340487004,52.577547066910554,0
Type B,304.2907576633222,312.86153742225497,1527.5451444453395,30.93688507049495,19,3028.5089784982433,2.505287434904115,61.42019619662163,0
Type C,299.01308471788906,303.56488139447845,1238.7977764233533,34.274333483787615,234,3286.720404320229,2.641187335809396,52.64476166084579,0
Type A,310.72245223420737,315.03424516964685,1526.6215486506705,34.71074940854256,101,3539.2868215705503,2.0286445112302127,63.618770155492086,0
Type C,307.0525753969059,313.7652342112757,1627.849749043593,29.279482276263217,26,3156.346723576958,2.4454393585375516,47.669975435975026,0
Type A,298.2034211852017,308.54843653010175,1581.900146067782,50.15662283385663,216,3432.6289527696513,3.033072658582253,65.03648768154045,0
Type C,305.2508526849586,310.5284753259446,1642.5502259780228,30.309475238102028,200,3440.372367609586,1.5024228658305565,58.304280581618926,0
Type B,313.5365543963173,323.0733403564302,1853.151975159058,33.01083662593328,175,3052.969042372874,2.4962386158448844,48.22025553863595,0
Type B,313.7233922054812,327.95760347004847,1734.2416354785855,52.55407710486642,21,2726.805542361235,1.9295296327586962,58.562850441866146,0
Type A,291.40400083424254,296.1968818845885,1517.8236533743593,34.2941729814635,20,4581.473924355601,1.8683894967300811,50.44787971177904,0
Type B,293.51426822189995,302.6884851882578,1207.0604120291805,38.118573148619035,54,1395.594297733297,2.6566069077988606,55.23399638043233,0
Type C,310.39443150713697,324.4934584421401,1349.9986813222201,29.87970999083464,39,3294.2848409905173,2.1728491187994643,51.59361003998324,0
Type A,292.59203264413657,300.91895908268134,1445.0922120206462,48.32951207622685,132,3031.1005281157845,1.7699181242589401,54.06961485106845,0
Type C,290.74221206695825,298.44753330352455,1563.086457835362,48.46736244191065,98,3918.7914867264867,3.2945699152419925,61.590015556669066,0
Type B,296.5966410851067,311.25062434233257,1380.4168096251512,47.38945904123447,191,2045.7072034809914,3.0520537085990975,58.629581565026804,0
Type C,302.9415869663221,311.7167786504359,1266.0667002039122,45.375298281939436,25,3000.2146587563957,1.3406164261844986,47.12244225761645,0
Type B,299.28322305372234,313.7012031545446,1202.9503277199158,40.735891110194764,181,3397.640266010244,1.6153431231987594,47.52332490839093,0
Type B,295.44605465716086,307.1619162216696,1087.2055602361172,34.756233330620155,233,4570.073610370459,2.856074242791209,56.89542927185733,0
Type A,295.2805127679284,303.9091341562891,1441.2623240563578,31.85030693333979,32,3832.184966795424,2.329075700177518,57.40230988827044,0
Type B,295.013640549111,306.93240267150117,1132.5836394824237,52.8990552676167,163,2316.5117891311384,3.4003447866129743,50.278885144290314,0
Type A,293.8434325993874,305.1252306547716,1249.868578960652,47.6480427172659,127,3012.52328127934,2.869801839124606,66.13920838087427,0
Type B,315.97143014093245,330.05496142494235,1401.5245317889244,33.06695772799576,23,4386.051352660691,2.679679314312399,60.69446456088717,0
Type A,302.08257749829886,309.8891953468388,1166.0206726521415,40.398317682231344,73,2299.2251340769326,1.8868823849047378,50.62096544230644,0
Type B,306.20731338083317,316.3721376479597,1594.9380471246743,36.998849070149866,197,3421.355731627629,2.794864176918683,49.94421278928805,0
Type B,296.57645772316755,306.330395004749,1685.0557659014219,28.7178929429425,217,3490.8795474737244,1.7345416271497198,53.40530750400727,0
Type A,298.69830325969764,311.5148958262568,1362.6432450561504,41.77651376621302,92,3114.2169400792354,3.2831467200460414,52.677019122480885,0
Type C,295.0051221304075,300.9044053526308,1390.7431730974995,35.845073357608044,26,6195.751782798915,2.753283153410945,63.79310245612244,0
Type B,281.4380416555656,295.50594984851705,1634.3574425347692,30.474633337043144,61,3087.268540552451,2.0051016539454443,61.891660810964204,0
Type C,290.3539350620649,302.2192501507466,1321.5012256913303,25.20867445858238,210,3949.7651593677974,2.9828064568793886,55.245486594509735,0
Type A,287.32566924013724,292.05796894560547,1304.3165221006761,24.36196499794329,142,2733.6988797807157,3.8449149334818014,59.745338926224505,1
Type A,284.25151355433877,299.0845648562608,1799.1246195465726,36.285738723053605,107,4027.7479919994043,2.3694297401143296,60.760826584411845,0
Type B,291.63248717991326,310.5688595031042,1721.0469346781967,39.14905029575085,3,4370.787596851935,2.8302479138147754,55.40782509786574,0
Type A,309.27468975567143,323.28202563386907,1650.38750058598,31.24699189837684,195,2912.035963253902,2.240902408185399,57.81833075558363,0
Type A,299.6889468260695,315.3968858949754,1731.4111553485232,46.50739427657228,116,3445.298184781467,2.5512113305710074,59.15931287864597,0
Type B,309.0339463362482,319.37543186265856,1005.6803186581592,39.344534582170375,136,2604.7202301091265,1.5956592639811316,58.41324006554219,0
Type A,302.87687803830613,306.2308583593521,1838.4588866982767,45.7688531059865,210,2355.5961879501083,2.4996822918964807,49.54837320066946,0
Type C,305.47791178000614,308.10142997533603,1598.0155291459355,38.17089209812292,140,4536.7954325002065,2.526146397898367,50.256031698577566,0
Type A,293.693721032868,304.714049208339,1752.6953460014338,32.12882364792894,232,2945.999054116352,3.579398666106849,52.97983736819765,0
Type A,303.6676566793487,311.2997414484288,1596.7904447790906,41.14117571138614,139,1086.3876714919297,1.4229981323779903,50.05335004667178,0
Type B,305.1009996385204,311.44269452521104,1512.231206170039,27.373254879816777,85,5265.356156493623,2.3314699245353325,44.68829599155043,0
Type C,295.96346895436415,305.71248221848947,1431.1726969094864,45.39438520636648,230,2697.9046769373936,3.272870330698621,59.73166372664328,0
Type A,303.9167825943132,316.37912374575836,1591.7860942215514,30.628507934868665,160,3253.626956251969,2.354937102520746,57.42485688808301,0
Type A,303.9633143100238,308.15228412297523,1422.063022773862,49.18232526533449,190,5140.906505494315,2.397195080209001,45.62443396595218,0
Type C,296.1531316520894,304.3576211709679,1716.969025016278,36.615442537580854,56,3358.25790581236,2.0000445850706954,53.31358301790724,0
Type C,292.14062097410306,308.1801037065843,1103.3858388619499,50.625335163099166,167,3336.6633977981364,1.9404367718423454,53.70999927923161,0
Type B,291.7111016767121,297.40994815582656,1364.6060345514306,28.773768114116848,140,2271.826955449467,1.4044877405001088,56.27361099956958,0
Type B,300.60553879345025,314.08458354211007,2011.2058121191617,33.222302992711796,26,1865.1663003724334,2.1224708514135076,47.42654285946639,0
Type B,302.2890690815252,310.35014603532926,1343.4798841069019,43.809349468485706,63,3333.613735403872,1.906386966932726,45.52204034803911,0
Type B,294.4523191867946,306.63549422619445,1440.3290692341304,51.70497093426755,227,3862.809774074895,2.570823300194244,58.63807147223737,0
Type B,300.1860973892827,314.57540741809413,1279.3547666624809,56.666089083149224,142,3805.5254082107726,2.027399078545761,44.26226591411964,0
Type A,303.9937592529694,316.9588863209095,1583.961418221456,40.413661636808726,193,3018.738919530784,2.212245408970896,53.37135554861736,0
Type A,304.3273350026571,317.9639734115126,1315.9337774644514,58.37745630786756,42,3520.257799346942,2.228676764165404,52.71745969969241,0
Type A,310.8631608408574,316.25678670722556,1453.5972662982374,37.10335450174569,54,1662.7900046720329,2.4711008906257765,54.137009772412505,0
Type C,308.9388658253863,323.3935046523515,1712.2166340087676,50.98767622362973,235,3960.1670206954786,2.1828866461570953,56.769023348244964,0
Type B,292.9909599707042,299.5801875121649,1325.309145296296,30.578190030406947,105,3661.405844770046,1.8629283460377208,66.18999432467984,0
Type B,311.78510346676615,322.8232705290523,1697.1527798163052,44.202005068632545,221,5473.660894182857,2.551459866368703,43.8035545958637,0
Type B,296.28316446811,307.3161492160989,1705.5573288900891,16.583069591435546,202,3507.479646429047,3.1404899297587665,61.136071079129245,0
Type C,307.314109687181,319.2545999226593,1763.7390236798235,28.784089883468763,84,2557.3306478539207,2.5770797174744646,37.41489465708036,0
Type A,300.4759063823576,311.8237330865984,1535.13524872951,44.66676798080765,237,3449.2768659111807,2.134107737056827,64.75597804172122,0
Type A,297.1149543508012,303.73971443670234,2310.314769244196,26.875611477994767,194,3172.200199984163,2.426112156943825,40.6999146162399,0
Type A,287.3461219815755,291.9466523323926,1763.6334241355205,44.26949610789185,31,3934.707868770398,1.2696203377860769,72.05476246624355,0
Type B,298.79904842848555,312.28844314833265,1581.2194061017067,49.064581208123634,23,3526.892061725186,2.416358350276681,52.271625193659915,0
Type C,289.08431735286075,299.8276556629364,1281.0188964795661,34.98679807281722,31,2240.0532989473563,2.2597873785457163,64.03268142541124,0
Type B,306.7710946508994,321.36860201473064,1475.7352185314649,30.31047044325802,185,1864.2567118059806,1.9399237851960929,62.58909216387605,0
Type B,310.6175485999747,320.4386168632233,1856.5817442250086,35.25813384145261,35,3762.908202633016,2.0487409886008194,51.94457636086914,0
Type C,294.42162307492316,298.8009656322153,1927.3836539065671,30.341876808158144,70,4883.114541069239,2.253859299076212,52.48175547268679,0
Type A,302.1137951976349,315.9783139216513,1869.5822751100573,38.987864419840825,108,3579.347884051719,3.0954749656038945,49.13988725807407,0
Type B,294.92225934594416,303.4407769072997,1696.2980766824048,41.02090624888082,33,4313.297353920207,3.1552362500680555,60.511591165110026,0
Type B,295.60060688904247,306.9686207187265,1186.084948426107,36.93989876903191,82,4512.8091542036,1.9431249030653137,52.035723270470726,0
Type B,305.4214629270576,312.8316252131395,1621.7904544564176,56.74359240186821,169,3766.7918457946685,2.1891535760539638,49.26711530364486,0
Type C,299.7302321670961,316.3074390080309,1189.6494054867505,32.805961803130245,243,2685.508512138592,2.204446025626853,58.76093208369306,0
Type A,312.1775362935171,318.67127699678434,1128.1322016548104,53.91433179255312,117,3695.3080850455644,2.9857273093300747,48.71976491015975,0
Type C,296.62437264907953,305.27465363265486,1559.7896711443098,29.587607636878865,186,4707.0728876004805,2.5873039315789703,52.69712395773598,0
Type A,306.9953543273214,317.42514913811067,1630.7998618174377,40.72777569941549,132,4029.8905495999143,2.555673917584625,55.74974105410536,0
Type B,300.6818938907045,306.31316458235665,1725.8442746202013,51.831054085480694,116,4248.245342828655,2.8217575680527136,50.502993575171125,0
Type B,305.5704460682096,316.89252418256,1624.2840600965235,51.31357152253318,130,3037.453758308174,2.142151954953441,51.55915923356045,0
Type C,296.8698963986904,313.31753830856036,1632.8964964356871,35.797421022997646,239,3297.6462402545176,3.318331944612434,65.7448824079762,0
Type B,299.6530881371389,307.6912394943641,1253.836853751906,45.55069720071345,14,3381.2726890996328,2.498953205547879,53.570353598003976,0
Type A,299.19150784490745,310.7720791210343,1473.7558288288335,44.21179083664226,128,3448.661997463204,1.986452532284852,52.482611281514714,0
Type A,294.1476001960795,293.1498586519253,1123.2208035913782,34.6006082140726,12,4667.958316012358,2.362215853721296,53.774124033518945,0
Type B,304.63457074207224,314.47885394013286,999.1577176499511,46.15949937148074,218,1152.8262716618328,3.2391569945247234,58.18118491949347,0
Type C,304.5517430390486,313.29957389534377,1685.1606774607685,58.62492172052373,150,3530.5383045818376,2.2449147184097367,47.76295422128295,0
Type A,304.15488286433896,310.8808924546974,1311.7189015522604,44.7170066506263,11,3420.503624305146,3.069734679426899,57.9905078032087,0
Type C,310.7587595774235,325.08456145593766,1718.1246255357632,45.66356379070671,155,2128.4988585558513,2.124792524337087,56.79074133041468,0
Type B,310.1454136086541,318.8404388821588,1777.0868944700096,46.721549782007074,108,4171.767216587465,2.040601781933616,42.47941231148118,0
Type A,297.37538717105605,306.6654772226817,1345.1706688442005,25.390233926448595,11,2775.4998080550754,2.895758446356575,67.55978922386133,0
Type A,302.6113662290392,311.1025947298829,1647.5777736388247,44.60224673206289,244,3142.9673506468403,1.9756164636125555,65.22569492534245,0
Type B,295.6347951751925,297.96753168813217,1334.7108178465896,29.832404251614726,94,5348.7819077540435,2.9935241500970173,49.396059470786135,0
Type A,300.1634872128019,305.63554145249407,1038.530281343294,34.101130593022006,5,4509.973649539056,2.7109755994140095,47.143014236119015,0
Type A,295.8017538561679,309.6461278006488,1530.8273511106147,61.61941781188503,153,4074.486939145116,1.9758436393194447,56.596360479176695,0
Type B,311.3404921639524,312.9006895764325,1382.28153007106,37.4673839034119,93,3880.7769346444043,2.4571343536033994,45.018956985180985,0
Type C,302.54588705240076,309.4806256539379,1389.9777473532172,32.59825895705773,164,3335.3199775546573,2.1707354256642777,64.54998067591579,0
Type A,298.473796103269,306.87491587810996,1993.8357794613814,51.52582578901392,40,5499.377265370102,2.709385934001436,51.72082384973325,0
Type A,308.35533000299466,325.3298174721609,1118.535754316832,30.52322997157623,207,4302.167631440239,3.6326789469732517,66.35264849816171,0
Type A,284.8056921314321,297.8801071934176,1595.7177838428677,35.52580855810323,105,2750.4500860347475,2.2775772382675465,49.22917640729613,0
Type B,285.901281835943,293.6725997277306,1251.2981907138121,52.49052167986167,105,2099.897721782346,2.820265764315104,54.214585401032956,0
Type C,305.57087058653843,320.78892537500064,1727.0653523168312,40.427675653079596,200,4066.8380019892693,2.5146643850005095,63.87048824604156,0
Type C,300.4232791368216,307.4612158548171,1574.6078090437663,24.38402954873471,137,3444.1308701215553,2.5144346218379083,52.73732364252819,0
Type C,301.75312410182534,315.78952331676135,1594.8360872951534,45.43989614322619,0,2071.0618330538323,2.4008769275610855,56.904642202230185,0
Type C,290.7152272767702,295.27971829307813,1263.777595599435,36.03534117953491,144,3928.586165711582,1.9855495321890677,62.64861128946609,0
Type A,299.8373640240474,314.1303953512041,1308.603021677919,55.39851486530245,161,3230.9728396884793,2.701083969569473,51.10766784416084,0
Type A,314.0245658728094,322.4000312909254,1731.8126268364715,33.938130523658664,78,4030.6649255274697,2.326754950048367,46.16782636616617,0
Type B,305.769397338571,311.65538037480593,1942.6994304318907,50.512259737259264,45,3941.7402145809065,1.9571199497567644,44.78902582584695,0
Type C,301.1879458159997,310.3193713636944,1620.076954306047,57.756980323657146,13,2891.735978456161,3.108503957348979,59.08402924606512,0
Type C,296.9266226292654,308.0359993481463,1275.6448198071419,31.490567761884293,211,4132.844764424205,2.559405773621406,57.72144870898333,0
Type A,297.23799003691425,305.2589963148114,1584.734630615517,38.06786979241807,1,3002.0949173651006,2.3631406255940566,62.431642211567635,0
Type A,285.09561477559987,297.31142879958117,2106.8680110844025,43.88625274144451,145,3067.1181268190285,3.304033968847779,53.08168696712187,0
Type A,301.8034829464481,309.47150741179183,1525.605702679728,31.426542474458255,209,2967.728593378622,1.3983510786802014,44.9848391967962,0
Type A,305.918381759373,318.39987133509845,1865.4602148483998,42.702949467078305,88,4630.974427806271,3.263692482237453,38.53073385602897,0
Type B,288.9706647098057,300.7395529579521,1314.917658540322,37.75079712494008,50,3219.4276119456395,1.9718872305182695,75.0757377404619,0
Type B,295.3700817538523,305.1263895350205,1489.4784870909034,37.54932428406635,178,4872.443180564252,2.626919523649312,58.68846112976252,0
Type B,291.89774757436606,300.1322183249023,1654.8913015313856,40.489383927081114,157,5283.48487018686,2.1471617475275733,55.95754229257606,0
Type A,293.2425416363387,303.84870481939976,1599.332077065716,40.71264715578564,3,2761.280863145551,1.9461993757285456,56.950478322196716,0
Type C,300.3743713877533,312.57538635988806,1308.40282997221,41.6388076907604,144,579.0046853030667,3.2883319155810606,44.98062736237294,0
Type B,285.4091849150807,303.6563815260071,1297.62063571735,34.01173654543216,0,4544.509543271273,3.613729940437171,49.435896063258674,0
Type C,304.29989306849944,318.05757475569214,1747.0711007756647,34.448282756502465,99,3158.028102639859,2.367264609609353,67.2033108959387,0
Type C,305.2769854895358,319.18094528879914,1797.8877031625361,38.814124111751696,76,2633.8135868680083,2.7012848213165768,59.60843100096553,0
Type A,298.2422818837416,320.59633066318275,1878.03588953048,39.552423587642046,208,2911.281893847032,2.5341947509975,49.654816396604446,0
Type A,282.63504043010823,294.69887433717963,1950.982620813217,35.61150660053383,244,3085.1861786339705,3.538304102411713,46.41229270341733,0
Type C,293.02506961798326,304.9636436632301,1533.6548590806492,43.23939642086018,174,4797.19309069374,1.2321097315278793,51.390141237388036,0
Type B,308.6303135387189,321.44637383600553,1422.2001889421017,21.85238251324803,183,3659.9112393175146,2.726274064762132,52.79198546943985,0
Type A,280.55404003489997,286.518176124547,1837.7477346946173,32.69533741091048,5,4783.598630108136,2.06372421151364,69.34402225092693,0
Type B,297.56733611464534,305.7917295689703,1678.2673204628966,37.200721737971456,15,3994.2201192784955,1.0864215871172929,53.68212836823832,0
Type B,291.7399945507292,299.71531748395984,1254.386185333102,31.43884812969395,194,3190.7692760495156,2.283681941542455,46.673137511068916,0
Type C,305.63199211109384,318.2224480199721,1241.5910836202722,56.29198014808891,107,3109.642796790743,3.608829274546332,54.58978345472941,0
Type A,295.2742023349958,304.577504086111,1622.9825503390773,40.18861846724952,126,4061.6087507496013,2.1063704857597596,56.850369278646006,0
Type C,302.82767814514926,313.3805718470465,1455.681334629,41.76769678225903,172,4320.425629332709,2.9744593039387666,46.0361739568884,0
Type C,303.95822293418365,318.3080414147775,1493.3925113148257,35.167692920345395,86,4496.79268570087,3.2192033182380198,57.815158741168304,0
Type A,312.85358087811017,326.3061838329267,1768.1333411775486,39.84221079627039,170,3238.461488624257,2.4923819184282867,63.46241166590099,0
Type A,298.5794063942724,307.9325223821074,1689.7592862462589,27.847465356972663,181,3675.2058564044723,2.572273371046775,55.970698982755344,0
Type B,302.6323105873583,309.9523301998454,1832.468312104608,38.30182963904927,60,4084.0404092553263,1.470221256075333,49.420543937052244,0
Type A,289.60461164610797,304.1457105727207,1017.1159734066584,30.62991571404244,171,3116.034974063138,2.070301682096412,51.297906937008946,0
Type A,308.3328949430562,321.4284596666957,1563.3494793053003,37.22596415243837,42,2365.059966197233,3.0442045745979973,43.388148163366964,0
Type B,294.6764380635004,298.2514107903189,1673.6721305993017,14.400834336975027,77,2693.7289332978767,2.5364074582222407,54.063153361282254,0
Type C,296.0747208513858,304.82210509575265,1118.353535828079,28.719967915564744,195,3258.9645574520146,2.720404864866209,57.175459697809394,0
Type C,299.84426543605554,310.50632728412256,1336.276089672507,54.639264045143335,245,4162.2071392203015,2.5798945478098307,48.723571905941654,0
Type A,289.059809582621,302.17512845110514,1289.8787094177703,48.30397749107542,16,4758.977495572102,3.815202366577859,68.5779010571934,0
Type C,301.60139020250256,315.2417961822616,1505.4245427649792,53.19039335915231,162,2143.9527912653793,2.2416881012868393,60.54595646815804,0
Type A,306.7722639104751,317.90788791517696,1906.963492173516,53.877212696709236,142,2902.6549860700175,3.463246025791786,42.450558627360905,0
Type C,302.050536764481,314.39152688991646,2005.6473511662252,46.72987424164477,151,3142.137502936748,2.5801019333240394,42.5941620904471,0
Type C,288.8777170507489,299.13426426026155,1296.4281117316793,35.47131314620865,196,4294.717032306644,3.516519384748479,48.11183338107327,0
Type C,299.13333493969236,306.4379281869701,1631.6393126233936,29.627490537343775,17,2971.8894646115,1.76501314644511,66.01229784731491,0
Type A,305.19420232085645,314.14914475669144,1639.699463035579,51.46744605449697,184,3070.267665052528,2.6107913245785164,61.23645197386654,0
Type C,286.85407863823866,296.9300433847991,1596.906442878687,40.645679743873906,69,2088.007422849776,2.2637879296459182,66.36598536890801,0
Type A,292.476637903276,302.3379209032017,1599.7449086848085,64.94022816381907,38,3983.407315973259,2.5836834015100236,55.07146500593928,0
Type B,306.13580522857063,308.5935136107968,1575.935625612832,36.34902023989246,111,3338.600925403445,3.2334257575996768,53.533574704264055,0
Type B,301.890668039381,310.3007346996633,1921.892530201605,59.7289585478048,6,2845.9549650204035,2.727285763214767,46.26743359757563,0
Type A,302.8838010748873,313.1086236872439,1775.6166285920144,38.432082093042446,157,3240.4867755179034,3.2322296140161626,57.447787474417574,0
Type A,313.0164636533632,321.89098368574037,1234.961525600433,53.360485972587,141,4626.995501931263,2.097867344035633,53.62682283158085,0
Type C,303.2798694495434,312.29257426749706,1698.9302702201373,56.966917372324545,128,2495.1130916801567,2.00629932548577,53.35729466662696,0
Type B,304.60521607303224,316.5571815562506,1723.093343627863,29.770500718192878,7,2658.340368896404,2.5096630438823597,66.32635588736987,0
Type B,318.97521869052827,324.65938994233375,1578.7418217879472,35.15001921709131,190,4752.252447465621,2.476808692965349,54.115580779948075,0
Type B,298.5033680933666,301.9911992375618,1782.8560926256823,29.670207743014693,8,3575.7748280188575,2.3884843787054844,64.31687010833379,0
Type B,294.4148206546705,303.0221414913238,1547.0185085747594,27.700555117417764,65,4169.754096711918,1.924820964597589,43.88347737200171,0
Type C,302.9945747877299,316.05103240973705,1550.1169302690628,46.6706685052495,98,3901.7519100056866,3.219190953911133,73.81678563004046,0
Type A,303.07293720572227,319.82314936366885,1530.3101361692609,38.033716297509784,175,3464.6654477060515,2.2822976796199073,52.38710676771242,0
Type C,296.31299225637656,309.44150521275554,995.4389785500828,40.52366323190136,101,3151.7008808514433,3.355646873327609,59.950288162918184,0
Type C,292.7732208631161,296.9001658236407,1479.9004015235314,45.5623913497328,204,4331.558022483819,2.507646019122435,61.06391038362558,0
Type B,316.1689109546305,325.23944199712344,1332.9373563863574,21.426131662850853,233,4662.336567811155,2.8890573584884267,51.51850288737195,0
Type A,302.2879042927162,313.3144418170423,1203.3880054518606,52.86766003957055,191,4584.1883470160965,2.8346257857782096,60.733210630413375,0
Type A,294.8740023301855,305.58436679787985,1858.5045711848807,36.509058366600826,9,2314.528366352316,2.0054351557894887,61.09702223606867,0
Type C,306.4115121159572,318.5687303277287,1626.0518796336144,45.324013062378576,192,4804.911017844329,2.7203217529314934,50.00798849267962,0
Type C,299.23598393907065,305.5677881532276,1492.5422297638631,46.20712839228547,51,3142.064745802355,3.6569997666802636,50.09089843072675,0
Type A,298.2298298757752,308.48960222597816,1358.7991622243935,53.70796560763841,222,2744.9704624551655,2.650967351860214,55.3171477643932,0
Type A,303.93591010340145,315.61720142250596,1574.042396157185,38.951426122169664,244,3330.6723032315267,3.040766043735805,54.191542366202654,0
Type A,290.9568241223782,304.2595079355928,1747.8590233293783,18.763625409570693,21,4331.128435248732,2.915963106755311,64.75191067094674,0
Type A,302.4683904274202,309.24551776096905,1293.2585391132648,40.57127613453561,24,4040.4641840280624,2.684229795018992,59.91867729461555,0
Type C,313.39068365412226,322.0100561851507,1498.7929069308475,42.00706858161601,174,3244.613588145732,2.611887230634848,54.50703501375836,0
Type C,303.2632436353812,302.4479729150878,1717.0166247127931,29.657391408598826,35,4337.665866877975,2.8283893354727803,59.24254571095371,0
Type A,297.36651527351574,304.88066740320465,1015.9997177289675,41.474906544329386,242,3639.860580759435,2.9579695278853677,40.67342845542316,0
Type C,296.4502630370023,304.35260346511814,1485.607559398649,36.389815652737084,135,2927.0285344606255,1.6887015657693563,50.692823184577804,0
Type A,297.12762018658424,303.0492821539145,1392.6771573631154,26.572460507174895,143,2791.964717041507,2.6483817334578728,57.01474705823222,0
Type B,298.2222612536655,308.8847098545961,1466.5425355612415,46.714848950092836,215,3910.23484442162,2.38955327155161,62.80755851324715,0
Type B,297.3553542706921,307.13157254251104,1374.5928609070243,34.36274849102204,54,3417.4822641843984,2.265083893808975,56.39838534259056,0
Type C,306.41418008752197,307.37732457721154,1534.406151301824,35.93620785262931,138,2124.4948465863636,3.277578627417144,65.2076729998436,0
Type C,287.8675362775371,298.72956815474413,1980.9068051056795,35.374211527129155,249,4347.161493069503,2.060112251161688,61.075579006176845,0
Type A,306.03400035288496,312.32070382972887,1419.0193815178623,52.354785974641466,5,3019.7249713755796,1.663138563813999,51.58169403150059,0
Type A,297.3421943240021,309.28495016076414,1572.9277522735267,39.59083838226608,43,5092.119647988795,2.9774297352315124,54.01978547832361,0
Type A,302.6386344998676,307.5112295089529,1998.6866046022783,40.790998205458216,36,2097.0100148452893,1.6477636860676665,57.85895180367,0
Type A,292.11108462859397,302.23111078271774,1362.4961054068613,35.59363845613603,83,3319.2914036099887,1.343234153224862,51.85955113000546,0
Type C,309.30041746794603,318.1677641524,1953.6688372322424,44.62866822254905,32,2800.0223155607723,3.0449606139939793,65.71903124541615,0
Type C,308.7194447212031,319.93185226100445,1501.3307516567768,53.493180484506716,43,2524.5774796226615,2.5952333503374927,47.23891705995398,0
Type A,306.7171336802505,317.2159227908559,1945.4740564662316,46.478608174865066,213,3013.2092832416233,2.7836317764212657,57.212745152970705,0
Type C,289.39671656944523,298.37605986935944,1687.5502812365798,46.86866961334856,116,5270.567609036982,2.2345434551322265,60.1481276952354,0
Type B,305.80384749746236,309.6587582412854,1576.7770906456053,46.06230205884346,89,3643.3701700795036,1.6693563210345883,52.80587107377228,0
Type B,302.83398561344995,306.92515375960585,1483.5923295283533,26.197573566888366,104,2708.291961202571,1.7885276718293994,51.22840467145526,0
Type B,288.763101270072,296.4275535137031,1343.9896400301973,31.238811683008617,242,1671.371589662595,2.33668666034123,54.46743092485001,0
Type A,299.8299183136043,309.79679877788595,1518.9478874910883,37.950126064008735,122,1778.6374536523138,1.736558285249175,60.68398958949622,0
Type C,302.55174142323284,310.11874963443637,1724.340364755006,32.74135957506775,117,2963.5368558812647,2.6842317442273917,51.501064017305026,0
Type A,303.89252691676205,316.3933746390799,1496.7221422508323,29.35462975244002,231,2866.31201586134,2.2225252371793487,47.51755169163496,0
Type A,301.24082956864197,310.12394589179524,1420.8442987345356,21.278242591294262,9,3275.9492937655145,2.6110216284191834,63.054093438951185,0
Type A,302.03861991793167,308.1785690188136,1437.3043664555569,26.53470786865859,119,1227.8161995641485,2.5930888769358584,57.795075310549116,0
Type A,310.31527974577165,319.20289457382,1748.1191533957633,37.434744426574,187,3408.3184049534666,2.732079732654716,62.05500201342662,0
Type A,308.58223736937475,319.485676714641,1806.290363774964,39.305736331811154,128,4527.729775147108,2.799689516373399,60.31532211887208,0
Type A,279.9306153235208,291.2301541988191,1333.2123715579073,32.06946223869424,217,5122.841247364196,2.293659645532453,70.25922515797376,0
Type C,297.77793011613625,315.29144664410876,1332.8530356381275,40.78925212683226,221,1605.5538520828607,2.6103815599802984,62.80480424924582,0
Type C,298.84744280719235,306.17180544717866,1594.8397299167782,35.661663590916234,84,2698.6072407608444,2.641604877052105,49.931443066876255,0
Type A,287.7353099909112,297.4413953445496,1881.8830161893138,50.90573587373848,204,2645.766139025465,1.0426658145439809,58.29187577062108,0
Type A,300.65928140762617,312.3637771949039,1786.49757707814,38.38374235975163,60,3645.72142752565,2.8879154475156943,51.09757895269518,0
Type B,308.74130440687355,318.6476125700703,1187.0369469550221,46.963308814017154,59,2280.2275321235466,2.5899653177321507,51.821116853135166,0
Type C,292.39402498286586,300.39155239891124,1433.9810075020346,42.03213762294693,244,5182.263248726681,2.8384293191461425,45.11249719569291,0
Type C,302.3548065708291,306.15777786545215,1267.3491113276218,25.97928960755945,3,3543.5224716857397,1.7278938427316426,52.99720772693423,0
Type C,293.58923565892496,301.5458974227129,1433.1218695211855,39.093418242628246,88,3376.8537107007883,2.310536094902564,58.8152400197429,0
Type B,295.2966158342423,301.00180618337106,1901.1024990088385,27.643759006713164,157,5092.713733782777,1.845082326060652,54.537848064063816,0
Type B,310.34175543919025,313.4353287146951,1144.3498378042457,38.918791617830784,103,3483.952375916652,2.946760825727725,47.30442117725916,0
Type A,296.20209525921723,303.01937989253486,1095.2836766799524,32.548691827693105,211,3900.3034064986887,1.6569300747589035,44.3388646727218,0
Type C,303.23548742307435,309.0471205400085,1292.8614616415994,43.819630334848085,62,2749.201726707951,1.9428071308466075,69.78292154836397,0
Type C,286.9014731875731,299.2366193687449,1571.8276506439981,26.57645662533799,138,2129.497934945616,2.820588476963189,57.276125271290496,0
Type A,313.03622292976416,325.4405902794213,1655.1887051601893,40.147018252794375,31,2889.638368495769,2.1223752806336513,49.231515812800794,0
Type C,304.21856712414547,310.603049965822,1609.3621087153833,45.72415582563194,52,5686.975838944824,1.942965605926565,58.23248421792013,0
Type A,298.7225011014482,307.6815865791957,1793.9213508077542,49.07595569308995,43,4133.020948286956,3.0440316577241098,70.3243025446426,0
Type C,304.02882556999924,306.5958549215491,1059.2286014415176,32.35832242115777,185,3774.53483711105,3.0686270539551206,59.34323651752126,0
Type C,290.13126399736535,298.1539041966346,1797.0841345897343,40.177509722071754,50,2523.6266098148003,2.933242715524599,35.49052491680027,0
Type A,308.2777151922686,319.873642795078,1421.976169988427,41.84146972911574,167,4411.250800983846,3.009225804364176,73.5660418159086,0
Type B,297.732106571525,311.0318581299814,1682.873577451217,55.47126279542768,86,2142.3067256862087,2.361052432637166,42.05527463796736,0
Type A,298.57151339466094,305.7193250678957,1169.143643309199,25.18669939249863,141,1932.943550317619,2.3772442152180306,53.55791638236217,0
Type B,296.5584106952416,310.7658301373517,1501.2391742522675,30.88897454928951,218,2941.112877118354,2.1111512328798385,47.066169899770046,0
Type C,295.9354401807809,299.87267249472706,1559.0676926472534,68.0446249273608,215,5454.490911961448,2.6006375006295865,49.819985230187505,0
Type A,304.8626942813989,309.87218308482375,1788.9377593746044,37.26902716044025,2,5397.894232392611,2.1832610036044913,56.99086779487846,0
Type B,301.7913479507296,314.62999541328105,1103.6863443480588,21.090061900967253,196,3048.7630717494562,2.240160276443814,40.50283543840973,0
Type C,304.56223698982126,321.24672190407426,1507.688137133726,34.17449856651834,238,2825.800981802016,2.85994026038974,54.368280901572874,0
Type A,299.938437173601,311.9121651263358,1228.6911772144642,12.311267785356378,166,1859.6379594402201,3.210723547308628,63.03139695918953,0
Type A,303.59239867754025,313.4310291314042,1626.3740110520687,42.40920712456153,46,3578.030725520084,2.738956152562057,49.097317727887145,0
Type B,297.0680587925247,298.2873238064359,1694.3041341140315,48.09784760278219,166,3662.0127519881194,3.576589519145541,45.268004580404906,0
Type B,315.6081228898668,317.5183346656929,1821.7925606270219,30.88337623831247,159,4289.556254196912,2.076690656780351,54.0248642849098,0
Type B,289.0244870849865,299.54212523256996,1366.2426364229063,35.29276077748493,165,4410.707513325164,1.397215216474445,52.63160956964037,0
Type A,308.8265612649409,317.3943105866562,1731.8066214221976,49.23654155368912,107,3302.578082335367,2.9287767337537325,50.83340630765872,0
Type C,309.5753521550468,315.1520114264383,1840.2253968692632,22.497845351539297,131,4056.0278747595844,2.036899868411961,46.68157746717671,0
Type B,294.03488835824083,304.29701868156104,1089.1882575361333,26.784287878004545,162,2799.361132153464,2.335784654934782,58.634292068302855,0
Type A,315.60491527389183,326.0654407439231,1653.0862300246126,37.7188481828436,115,4037.0425333606854,1.4381220939273258,59.16684458009211,0
Type C,306.96843198061725,320.74609545477836,1739.6278134450265,32.47665162533182,193,2992.7679218154412,1.9604738515925042,47.54047285880459,0
Type C,306.79797304776037,317.3443821798112,1435.3184034031406,37.061331025264124,177,3959.4585159669377,1.5986635500524584,48.50922448777368,0
Type B,300.19615530918117,315.1097327825187,1197.3066056187229,27.362496805934782,75,3878.501325285365,2.239418041947818,55.95544395804008,0
Type A,298.47941689246926,308.5113930106645,1735.7389390274159,42.143134859215074,152,3568.8036256950645,2.26326910367023,48.24519839338633,0
Type B,298.53413821072274,308.0727982314934,1200.122793110561,38.507669148200115,189,4294.539718159354,2.5539762469289253,56.25063387887752,0
Type B,302.73371417423664,316.99096291922535,1455.4121413722744,45.49190494233033,122,1929.6009286393146,3.243833778613105,65.27632570031244,0
Type A,309.8083039252373,315.89454040507155,1489.9689855491677,42.003995004802924,178,2435.08378177906,2.906143758938691,54.5812412314018,0
Type B,301.26919952502993,322.5269893380946,1678.8845129259998,42.066900724960234,31,3229.9403264469656,1.5266982182737114,46.50468542792531,0
Type C,293.61989463803894,305.12092455070587,1343.3421101218669,25.536926454698865,96,2056.736612326677,2.864809261367714,57.74472448125224,0
Type A,305.77098943669483,317.2943064480455,1328.8540777930361,44.925915516448725,175,3093.1354854452948,2.5670528184648758,53.75641689336269,0
Type C,306.44805522476355,318.54843912065394,1524.7288696907776,36.69133598195558,223,3125.3697049224497,2.441304140778341,53.948900737560805,0
Type A,304.5826166991345,322.0911626004611,1751.5976194049372,38.334016923503825,161,4809.683786666694,2.4863802820376644,58.32726011015152,0
Type C,305.21849234567486,318.38852199236527,2071.8625001632868,50.4826437639081,165,3642.5337022914623,2.622731456851753,59.83726181944828,0
Type B,298.10350308889537,301.6832791728797,1123.1297000553063,32.80564443483105,85,4529.429576063878,2.084867925391861,55.24851515831313,0
Type A,293.4970758300859,309.1109573691559,1578.8355044466446,53.51184328459001,175,3801.674718809718,2.3905894854852154,54.575237783035014,0
Type C,293.9226459855145,302.55905966773446,1228.366243441427,54.44475299373093,89,2964.332728767935,3.2103634743351,69.44479043331373,0
Type A,288.551757260795,298.9803775521523,1754.7028108016857,47.52784437364372,13,3633.716807746512,2.07765652934468,63.403877992351084,0
Type B,301.65864028082166,306.5416243921206,1265.3638631726917,30.19379189232578,61,4229.426333932173,1.8820672142949428,60.834822826456175,0
Type A,299.4158585174138,311.5206665899094,1331.337945454419,18.137067543730684,152,4693.401326442581,2.4629755912756894,55.91844162116138,0
Type C,296.92008606829205,304.31458890802185,1352.682285234001,50.78834914259941,240,3367.6899370655665,1.8216601259461913,47.95979734873518,0
Type C,279.3106682295845,289.7113467815584,1480.950265320049,41.113850613310795,123,1852.4893561470558,1.466330127127397,62.89170470153796,0
Type C,291.26877771214083,300.1323816906977,1580.799399214677,32.54802529178538,215,1782.197742578098,2.29331969375511,56.01005902702615,0
Type B,307.84588455982214,325.5459357667655,1620.9253484021283,51.73562343755603,194,3173.5873898831132,3.3691731307383543,50.959816903238064,0
Type B,295.3476179995581,313.27665920014044,1498.5581134543042,31.384411191221908,140,1162.0984988520272,2.4768375424738642,53.29801682488614,0
Type B,302.5241417435979,312.71019442445686,1167.5272443898548,35.758447417690576,201,5295.10446573683,2.607146256668928,48.236722036332964,0
Type C,290.2652019901732,300.5211128356486,1681.9465375775474,45.24890364316994,100,4096.933231399734,1.2219109851093248,62.401303300901034,0
Type C,310.0709383765146,318.57716651111656,1486.760334084243,28.863971683851226,110,2864.3329905027554,2.762875295464568,59.7812595818525,0
Type A,298.9918063796173,313.4158315456284,1790.4336975036747,38.905190903929324,184,2390.3524059912043,2.556019516785875,56.27142723069846,0
Type B,302.03028277538476,310.71460329405124,1323.0653051300158,50.89137183913361,159,4528.11909597611,2.1010511031763874,54.70050098462311,0
Type A,316.2804585431718,324.595109444589,1099.4313181622515,42.1111074362113,131,2386.3628443489943,2.6080302828414244,50.2353178592511,0
Type A,310.61508070412583,324.5294521587857,1491.493499329231,52.474263368236805,108,2481.7732363989476,2.602072970294776,40.08949149369036,0
Type C,297.8540406509906,305.70084426972403,1823.9881720710662,51.33602358005998,243,2734.054059973308,1.8643072429852388,45.10951172337953,0
Type A,295.8474587059075,305.69643856811336,1540.2355341540126,40.077383344216194,16,3614.087414574325,2.6991122360679456,49.80148262336497,0
Type C,297.7211849193633,301.3959417933193,1450.0825502067858,16.632586236426118,13,4120.797439147398,3.2182812535162926,48.74923532590303,0
Type B,303.5692877393358,316.38604911982844,1282.4132455856418,28.942277047846936,119,4692.672233415663,2.36323511471589,57.025524372312454,0
Type A,299.2634310602439,317.02689881697137,1939.4416166702056,47.63334112384489,8,4544.971298946702,1.9794434785377353,60.68045619381325,0
Type B,297.2332909849757,310.1181924761749,1242.5993512788052,24.497485797147128,85,3500.7737092347415,2.393451958118963,54.100925467692754,0
Type B,310.2702687549633,326.11746542515255,1318.65143559294,36.7330741141305,142,4520.521973756334,3.012767917038657,64.86241854585005,0
Type C,299.20053075755516,305.8161222128458,1642.5085490210058,43.384806136890326,101,2829.0003860236397,1.7642086964216368,49.519715962893585,0
Type B,316.09712365126126,327.0424207793741,1035.9948275283025,54.6957069576151,50,1679.1339855380336,2.8471349552705085,54.05124011276205,0
Type C,300.63519794626524,306.86255824878765,1818.647666345335,34.249803035455855,71,2828.868928289492,2.0931913248877114,54.64308974505683,0
Type C,312.4972287595731,321.5861665772477,1656.0482785543388,33.56512290916871,151,2693.7394857237127,2.6452378488278425,62.64530430184093,0
Type C,302.5012359589744,315.5900818683844,1724.8077679527773,39.47554233504499,237,2868.0129282008234,2.161401234972662,55.74120957457525,0
Type B,306.7407240127461,317.1480064651593,1639.5292529874137,43.50912969810102,195,2540.6252707581107,2.1597898269510636,55.9349824019069,0
Type A,294.92772263937593,299.27715854897104,1459.7191206359075,38.45753172603906,136,3038.890422420288,3.4138569497410285,43.41609819494455,0
Type B,294.0236854418881,298.76356901973713,1234.2128224611442,50.492683488858106,34,4120.017214093578,1.6545480456799049,48.70065303552472,0
Type A,303.2179416851049,307.6932859591418,1464.9811396937598,32.00856166971528,60,5215.257102662572,2.7912197065273263,62.67166591588308,0
Type B,306.91987269725723,318.88568305701557,1256.1909220618413,41.20160933379044,110,1774.6535257409769,3.538794646552772,40.47260415481971,0
Type C,300.28179551400325,318.53737365662994,1621.5388275190958,44.45212710247019,61,2212.265373099256,2.9113131558836938,64.4009485670144,0
Type B,290.99524665441413,306.44507963041497,1701.6949576370255,35.997671900941434,172,2708.553741271832,1.701341788576491,58.49765142267962,0
Type A,290.47819143597474,292.89425063939046,1869.202157799552,48.397099365599665,91,4265.741877436592,1.7310516946507568,49.767350701453715,0
Type B,290.0100451846963,305.6943489369754,1592.941910138216,41.489585412423494,208,3295.05255702695,2.0490247740121594,49.17565716514899,0
Type C,287.62664520942434,301.37224687748295,1731.1438391487966,47.88845713152274,67,2775.8907768963772,2.5947447469119247,68.27168709893814,0
Type C,300.7663975161296,304.58519773401457,1425.7138156924646,41.94104108048832,124,4216.733007705421,2.635565616453431,64.87984064535596,0
Type A,307.8753074519562,316.6625009851142,1380.4307154979513,43.76404571487228,178,4456.3902663419685,1.7369820674201844,54.163914599195515,0
Type B,299.90608949152636,314.2881791375096,1618.4179727042003,33.676082431506444,51,3481.2400405763697,1.97634552493182,55.942142106166656,0
Type B,284.177096698635,296.37883074237413,1403.3817818207729,33.692282948087765,190,2683.780773379456,2.0131105078119877,50.476730473628095,0
Type A,298.66467677765814,303.4282965681062,1567.2964472069143,52.24396479928777,146,3770.2795672353927,2.3915519151310645,55.94348784478274,0
Type A,298.8604070235717,311.3033756467565,1234.7019526661447,46.355104445203324,161,3266.731791547433,3.690817274374645,50.28267418001493,0
Type A,314.67199125157805,316.1219888672557,1279.5930793809248,29.77034833777598,113,3258.9867562145396,1.9400877606259315,54.45019883078074,0
Type C,289.8000346095631,298.90874590653425,1658.8523252545726,41.808634246548316,233,2987.599781398164,1.913825300118527,67.6723056583532,0
Type C,297.26525678180565,311.81708385940584,1721.672518851524,16.26223946464574,192,4424.983247322089,1.8201158229136936,54.330701674147015,0
Type C,311.94096876381195,322.01454562609723,1253.5859577583299,34.26059836300583,48,3749.880226326794,2.881326742745339,47.66384683108461,0
Type C,303.1498483894258,311.154098189578,1667.653577626605,49.61027676619906,138,4535.70088188963,2.4751950421869386,45.43539566410518,0
Type C,303.94319151461497,317.50057652970435,1366.8160817411813,38.7485441128884,225,4836.326145478126,1.962264071098025,55.88982430155136,0
Type A,300.80209105916714,314.70109831951345,1504.1262940500774,41.17912669666031,69,3958.9807688666406,2.282322649733001,49.67373391855047,0
Type C,302.30960477060086,317.54976354206866,1854.2361039476618,9.836187534797887,134,2993.522885114848,2.025093819425379,56.72622199387776,0
Type A,305.4432667119498,318.9406364257353,1701.8718085057371,36.077463818638485,188,4540.326232219784,2.677534768713547,43.66347834810018,0
Type B,294.33359576775064,308.6590949434992,1698.967997005548,43.38272223827212,68,3965.6647022783545,4.110625964077801,59.83175094203118,0
Type B,306.1464100523574,319.07804428210756,1977.1975896142417,44.65289875398339,129,6103.3677768076395,2.830518643415342,47.578845897448964,0
Type B,290.3889788818012,301.4510934782671,1324.0301647375506,49.623557113343644,138,3810.1028884946863,2.4442068909355816,55.324080814941375,0
Type A,302.29857580982076,312.656611808876,1253.5312562518636,37.89742248226572,44,4197.688039014084,2.1010147075072285,52.6318774779202,0
Type A,301.25118674300427,310.30214786661463,1319.4694324428524,38.34344187375851,44,3790.423891296032,1.6939599508690901,67.02872273595209,0
Type C,295.6859483826552,300.8364752104163,1436.3747366483462,26.678825705901374,140,3400.901408131882,2.9402138388418213,56.200424214006695,0
Type A,299.8412030727205,306.01995703744126,911.3623464270266,37.95478460826802,44,3241.2084504124336,2.907612507019792,68.61830363680215,0
Type A,295.6422189313411,304.5141610036003,1448.1429408257975,27.384249376022012,237,3794.2438446585666,2.2203394019855165,58.925196800436936,0
Type C,292.4980907119678,303.4638993503775,1363.857317026272,21.521298801945832,130,4021.175751813855,3.228000389765571,64.97784145618735,0
Type A,297.5246968087045,313.28794720072153,1695.9399418494497,29.148206298894216,176,4654.3878996444255,2.512664163331051,53.53841255503956,0
Type C,292.2720795523984,302.1048906408964,1588.10484475251,55.08684907803971,99,3808.850558303764,2.9648564412370813,57.41852134643226,0
Type C,302.25958224865275,316.2734874121634,1349.8258430576657,37.294387984867235,74,3037.110824574771,2.677718201219807,63.53050512313269,0
Type B,291.9494015409335,306.26666416666194,1647.490211340726,42.19877363023366,121,3173.1460034010165,2.393718472073417,61.33471964008834,0
Type A,304.98383916093735,314.0580519701822,1680.8157649559423,34.86503748801944,177,2177.063057096819,1.9270692332155077,58.716952947291986,0
Type A,291.72964652449826,304.108407369979,1307.8635525521472,22.094489805481025,99,5161.21384357231,2.4126780445823974,52.704456170485905,0
Type A,296.035935590933,305.06182342403355,1376.7439361543954,49.361131249297074,70,2958.8263864791516,3.005230401336908,53.888564543352956,0
Type B,295.62777614249376,310.91631971880764,943.6592032255044,18.278018601444114,35,4467.4404601379065,2.195118932860344,62.9636336612235,0
Type A,309.27602710212386,321.8194004551876,1227.3350064076787,34.452073232083414,135,3776.5508574425335,2.763844837361907,64.42137874112498,0
Type B,302.31202961931615,307.5500946005627,1314.3826098941054,39.45385119149939,169,3803.731830839407,1.850358470785598,50.84996089504229,0
Type A,298.51786338218926,309.16396199080464,1518.5415441515054,42.30489643429855,131,3382.5521247276633,2.968035001678215,49.79368717951521,0
Type B,303.49103608748806,320.08348473478355,1263.6543301600461,32.7353039547113,63,2712.2011113733265,2.687764801893977,48.67106348210848,0
Type A,285.24965356869217,294.5247294305054,1371.6370032377226,21.620385169450255,61,2531.464599508025,1.7787335446980994,60.80790431011109,0
Type C,299.69806487251367,311.48892499289394,1193.6673296043502,31.989067076645618,94,5228.465388804937,2.3655912858870325,48.49367484556237,0
Type A,313.9825992446333,326.1661145955899,1542.7784746328177,32.51242012380337,86,3613.961078837246,3.058864545591022,60.72322384215223,0
Type A,300.9264255448187,306.7799339481603,1606.428648646227,32.2690650484492,50,4625.267746187651,1.7445804756080654,58.819832401847094,0
Type A,300.47539218418535,312.5182239810394,1600.5913371049555,49.700585902076035,235,4884.906937645251,1.8574298568250396,51.18435708943954,0
Type C,303.8368986574954,308.2615580493569,1503.090282976315,27.863972218608577,82,3089.153069900786,2.4583018271281043,65.94701519695886,0
Type A,306.2692367032004,313.76674027759486,1114.7317508746514,43.009792744381585,62,3923.505765927844,3.779998438259317,44.764187643291415,0
Type B,286.017733149771,300.32062501974775,1345.0115840267872,41.582970372179155,151,3545.010775491348,2.096453149576301,66.61672819830991,0
Type B,288.2237146274628,299.6507397886962,1398.1733319203788,49.6045507747167,200,2342.786196983111,2.7971643997512974,57.232201049718476,0
Type B,301.47203903760305,310.25412780661696,1399.1761717698437,38.668681282630686,116,3314.520024095744,2.6560812445608106,40.48573550338916,0
Type C,294.99586406671744,306.7817081516982,1518.745304497459,47.91130967197559,166,4087.5065902392275,2.146288059840674,66.14315745075129,0
Type C,309.1841768355394,318.94380784451886,1856.3853430927547,38.27779861905902,23,3000.970744989142,2.596680011070925,61.80548752953992,0
Type B,297.79377927080344,307.84409328021076,1703.02405317115,44.343925265848,133,3175.1568046281386,2.2312992027430267,52.00251821610873,0
Type C,286.45828485000817,299.08555895688875,1253.1205550378263,24.970589127527596,16,3326.633144614355,2.285317125930093,48.24695604331023,0
Type A,291.123902582092,298.21443161945547,1669.6007188241583,13.617219237088914,34,5611.529331310103,1.5032368583361202,44.016532793131304,0
Type C,280.752267862586,290.9136134848048,1660.075591916434,43.77546853565853,147,1665.9510628955604,2.485338259080207,71.90812313267274,0
Type B,298.3611212390196,307.112048460593,1298.4831317621088,44.311831260392296,51,4001.6432990272588,3.0394561039735306,48.536326880867094,0
Type C,298.6813111091493,302.3388976107483,1712.2164806588598,44.75502333151883,9,3246.6609227478352,2.5344554648678113,46.154880065993524,0
Type C,297.0287610315267,303.3469380065295,1459.9058410136843,34.75067485245321,44,2859.3450914975665,3.154304656493458,56.87543387045105,0
Type C,307.55215327320815,323.82497906146347,1147.5116274963889,54.897222522103725,193,3222.1242928437346,2.84819646756701,43.53474573267219,0
Type C,308.38963885561685,319.9285321139578,1613.8006811592854,35.40122184262978,146,4167.376243833423,2.464275216201868,48.12916121088811,0
Type B,298.8072810365072,303.5129278309017,1554.240455903631,44.2087901967237,95,4224.52359402056,2.123244668195909,61.96478435912328,0
Type A,285.057144327662,288.89572682426837,1443.080592703543,45.946362250040785,243,3686.017122434753,2.2082417707831574,58.249474163735655,0
Type B,304.3209710634458,313.8723154630035,1490.636728754175,57.1874015974911,96,4592.741316456627,1.6176937156377273,52.295410281824324,0
Type A,303.88752159956005,320.132267732266,1320.2286302778846,36.82970380210166,219,4768.832995100576,2.3397526659410044,55.12814671051966,0
Type C,302.16574099109863,311.41870845188123,1652.5326259492774,33.468070937708475,86,4316.375941950614,2.587599255138492,51.90270628859997,0
Type A,306.8703582451568,322.09835645877286,1489.1373413727686,25.018546155846767,6,2953.807548852781,3.52925265867954,54.566015334416726,0
Type A,291.8462033247727,303.25392640804733,1541.612210987057,55.52367006662473,27,3994.4415492128765,2.816992193967326,49.66732032208243,0
Type A,314.061287703296,325.9462895346796,1589.2854811072182,44.2141090704854,68,3999.2006591385693,1.9810876119172138,50.93832476330801,0
Type B,293.28400572800695,297.9411236907887,1211.3535963934187,44.53061105894302,46,2684.3685663534484,1.6363790346887166,50.72525303718197,0
Type B,305.244560490406,318.99465217740504,1276.429244529487,71.1670424132392,39,1930.561105945742,2.3760687476772566,49.91897403700972,0
Type C,288.1885661391065,296.8488379900121,947.5138850959477,43.25044741186299,95,1477.2243786254444,2.9870586680966493,62.30737697491537,0
Type B,293.48814718910967,306.9405170035533,1641.1855646226018,26.976785948999677,243,3569.8554901121515,2.367630197983367,60.39082174409137,0
Type A,310.61458052707735,317.3579005991329,1196.9474940633083,38.04096425007024,50,3798.039714866918,2.8251905050033574,48.47345712126335,0
Type A,298.17370123899406,308.8818986290337,1533.1424274739131,30.25217591151347,58,2318.2184223475856,2.391324730448687,46.639243452202,0
Type A,305.8794582359296,317.2874700516801,1592.7470562348883,36.04131605417228,248,4546.032332551363,2.9302002608293596,53.89906349808569,0
Type B,301.6586877210347,311.04255445473126,1650.5882097231301,35.974103972453925,50,3652.2181492964123,1.5416451863766034,70.08701318802682,0
Type C,299.2652929079988,310.8834736803434,1198.995771540985,34.129756089329504,207,4849.452614915353,3.4625092720876602,47.80606357412417,0
Type B,309.54695227452885,318.4813639737588,1483.7095954648273,26.06717494644603,155,3870.535869983591,1.8325099310657738,53.871429272071715,0
Type C,298.3433882274367,305.7471492152716,1917.5701051969372,55.92501633672296,231,2433.6664281208486,2.9762393978378663,55.62104289602363,0
Type A,287.5348332470557,303.95676677823155,1928.578669996079,42.98848044438394,139,3958.281213290149,2.336689603198627,54.23950478168395,0
Type A,294.3773193563381,308.5731308217839,1746.8307735067376,37.74527965299762,148,4170.110694872102,2.4305032597798597,51.79253088046358,0
Type C,303.85834210091184,310.8148831207191,1584.37328470471,47.57637829515743,56,2952.376414112994,2.355338856417911,63.08555980538988,0
Type A,302.7685637445376,315.042340966916,1248.7234027886557,44.71067274849391,143,2057.907002690125,2.6533627510308957,58.18121036060418,0
Type A,289.0305922483519,296.0598768295473,1679.6554063477633,42.75690732742048,167,3600.2960643066062,2.7745147259685368,60.92063726621553,0
Type B,294.92960236414257,300.1908637894933,1460.4946928132897,46.84998072766827,246,2499.155364683815,3.135016907093841,59.125659647664314,0
Type C,295.9279505555843,310.0631883211802,1640.132068818211,41.33934743758657,24,4620.887663061132,3.344769329558427,61.25763825264191,0
Type C,297.4417128412004,300.6253143386108,1341.789136286971,46.70221456991592,39,3092.8233195734074,2.6990929280660216,66.09084083081844,0
Type A,290.36860487978913,304.0760285340953,1456.7667217900178,47.531123008777755,4,5224.601106493299,3.5282045435009826,64.31730776751834,0
Type C,295.60140224316365,304.5905129928714,1541.0368400191062,41.62718735032803,197,1375.841332481164,2.555783525693487,71.2736277171714,0
Type C,294.8997266031833,304.05354019086116,1561.5695228734646,37.79605506503884,20,3634.795604145148,3.1464642173517543,63.52138896985034,0
Type C,305.40073281833344,317.0397376968266,1623.430678615062,55.303978014539084,228,4929.3926401013205,2.7572318037436885,50.31387256430745,0
Type C,305.6638491769317,317.9886444249087,1355.2012538687752,35.220984602265666,91,2609.695684112703,2.1704772211447807,60.9311842926408,0
Type A,298.9793267933783,305.6739540860626,1164.1788869724494,43.91313600427346,72,3340.7990643729645,2.608740492627906,59.97304625289217,0
Type C,297.2557214289049,310.12662386390514,1906.1962599749486,44.139084107390666,243,3096.964285635956,2.801903126505475,68.44206433662532,0
Type A,300.9794701842738,311.4329523363747,2122.3135422558394,33.90442147736364,180,2816.232357847717,2.4806811211584354,48.229890383265975,0
Type C,294.283974247811,299.2597550763388,1611.8551778005947,31.921776146885065,136,3744.622641114281,2.7477139107985336,58.90565756975055,0
Type B,291.9721754248279,301.292677490509,1169.0019763174723,36.46147979130149,222,2204.5783990008963,3.019217775596137,50.2325075866313,0
Type C,293.41845153751996,308.9435675997557,1306.7012207892808,35.07783146824392,188,3389.0312186697743,2.4859761148024644,58.587815728700946,0
Type B,295.5563078521998,312.2626870451826,1627.2793922627422,25.418694383611346,159,4015.9942376845734,0.7336673987905113,53.49677334780196,0
Type B,291.8556834014541,304.7250772318888,1835.2789029203213,33.485049174807244,80,3284.906288613357,3.5069620908960224,58.356281629336216,0
Type B,301.13441691344013,306.37304296076667,1196.777341364536,42.662229846345625,246,2499.7958000142244,2.3214451418678026,45.12763269743003,0
Type C,305.108009716486,317.07043732630956,1468.9167947877747,52.65943584148599,179,4530.185398601501,2.0060318675006212,60.552585370891286,0
Type C,288.8903118944123,302.2937555098491,1548.9830161109924,45.543913351736336,236,4230.25696161685,1.8255338226083095,56.4424166063027,0
Type A,300.17590097851223,313.07873291178714,1716.1446128214686,14.004655016297619,241,2458.8128286962587,2.298132458599813,56.065350172403335,0
Type C,298.46044943313564,311.6002665878873,1414.0997263999052,46.41303714757328,137,2205.892434977459,2.162351301209811,68.65159809893132,0
Type B,302.39056079875763,313.84361311574776,1109.046327169519,34.41848214104282,89,2548.0755840061756,2.0577943216691854,52.32261621212524,0
Type A,299.9094286232749,309.6197792679527,1655.2993898632255,44.53080074687763,236,4045.273165487215,2.090724238093256,57.39585797340387,0
Type B,289.82480504047857,297.3913350568625,1781.1989912928095,39.85864740789372,249,3775.572898962546,2.8178456944358934,55.70189489327478,0
Type C,291.16327490799983,293.57153283399384,1479.3521345637098,38.073123739131724,30,4290.082712445714,3.718218064601861,56.386274121685126,0
Type C,300.2059650290948,311.5645320959482,1601.3100228266078,38.97764272037859,159,3173.849781949385,2.9923429588089405,70.55262733249945,0
Type C,307.2014664382186,317.94567781282734,1381.3771926432323,39.775756917302196,150,2575.265762499893,3.173558910852742,55.44664964689624,0
Type B,284.500688402699,296.73099177399826,1288.5568013185264,53.44404972090244,187,4418.846488414499,2.2735539811319567,51.029041403582156,0
Type C,302.42008605861105,307.06991128543945,1756.6064201368047,39.80339812914912,243,2946.551486548836,2.562799219330347,68.09631956813055,0
Type B,308.3273540370135,320.9074207942737,1596.8739619536152,50.855361331812006,63,3686.5480558539784,2.755889442538172,52.84617864192727,0
Type C,298.9288188665565,317.14699924503964,1622.5921498504706,49.39905865845657,243,1950.0751608846258,2.104265263814338,43.76375296953661,0
Type B,303.85141747218506,314.1652179952967,1875.5287869986532,46.67045547583653,160,2930.189575677201,2.2445619576705296,49.814094054998044,0
Type A,295.0785164337154,304.8318551568892,1236.2894164203567,22.133811798703224,20,4509.396320941513,3.012731174999846,46.273887541700006,0
Type A,299.16443660506184,310.40044602940463,1361.9934329601444,51.16632656161607,127,2783.7254333301426,3.154175653060065,42.40024173579884,0
Type A,288.65360537184296,306.78295347068433,1539.483337208674,35.420987058644116,33,4314.5038214515,2.5404461617091547,52.458894969423056,0
Type A,283.5895968410679,289.4950057942683,1358.9216905596895,47.15727281074773,239,1168.9803038118062,1.7829056915327643,54.50848824308597,0
Type B,306.59936060857694,317.41218834215255,1695.7841338181124,30.274671667595864,190,2940.608340356814,2.3226448100694053,63.26369540590235,0
Type B,293.1050355059289,299.90640581673836,1453.150194774004,28.14925956696744,226,3328.6453541218675,1.6352013192964772,59.405811284434456,0
Type A,296.81130508497597,304.623286201596,1251.8667981257026,59.76388736831199,150,5242.540303342405,2.545121445900836,59.086840156900664,0
Type B,290.29490422710865,300.0965429955809,1516.4429187969154,30.430169331618856,99,2330.937119985548,2.6532418667628512,48.74752996361596,0
Type B,290.13021207841285,305.51950504486706,1542.584692701697,51.46106639051747,107,4170.99329544709,2.337573747377334,61.19453283374881,0
Type A,298.7831360993377,315.98709850209264,1733.6705157240826,41.18420321436521,236,4556.931781248793,2.6450267334299227,64.73862985479114,0
Type B,294.8929596410505,306.6855282195573,1598.285225786856,35.79879941639828,37,2778.5103527557258,2.7501407434503036,57.76199624082312,0
Type B,302.6457969859629,311.1394180938689,1615.2865978399589,39.551711156697934,221,3126.47605122731,2.6541172257442742,57.95762275408548,0
Type B,303.16776893285714,323.1387243994112,1580.0729210018062,26.98905503468689,105,3641.6287738119036,1.779081824621842,46.14715390210015,0
Type B,302.24594752427225,310.53572959895416,1452.9443696770174,39.8624562039077,147,2018.5150328074706,2.3480414046923834,62.381050653237295,0
Type C,301.6702055364991,309.38566187906014,1320.9452212221838,29.172596861040404,166,3044.8967881386434,2.745905786959761,67.46581384132993,0
Type A,311.0443774345232,313.9446052562083,1572.209587914844,36.04556205686014,20,4776.112040946416,3.4472270627836,57.26066679332786,0
Type B,292.5268436166858,308.1112098936648,1416.7188085290898,49.25299563969576,37,4022.6548108644206,2.3368445498567816,50.83949905142761,0
Type B,299.61545593657956,313.4884383060647,1922.455655110254,42.54190676557657,40,3343.248710516757,2.830504120268866,53.8660360080851,0
Type A,307.9288287436371,327.6000508881029,1835.5455736933047,25.178295011194784,194,3613.072361836483,3.026891147154294,52.05705499491189,0
Type C,308.8517786653663,313.2936852564938,1658.209783087902,48.5148812691387,19,4080.9053655297716,2.3820233809764644,52.47685242787794,0
Type A,290.047654454588,305.8803376845044,1594.6167348232464,39.92900238090857,152,4272.410147910114,3.189044648492404,59.535881445858415,0
Type A,297.8135119084089,308.0940539818734,1478.0102372547058,34.57814731590661,26,2943.5858526208976,3.221304298858538,56.956248781692395,0
Type C,309.50684767107083,322.73124853827136,1184.719067163216,47.46676303908931,191,5034.72094327967,3.3282308404367145,62.02755624179958,0
Type C,303.5565537363935,306.9654451719756,1445.9569441695087,38.327931630229976,244,4816.348201204661,2.775059301391319,57.59631781344755,0
Type C,301.3668412203584,317.2391685110196,1525.3500083513143,28.34338660094287,103,4177.257630353213,3.9160823497945216,48.95138418215272,0
Type C,298.4762071459574,311.6222741512847,1557.3641186111656,58.478097114496045,53,2657.0401341541087,2.130830132341395,51.49515583305427,0
Type C,297.3133935200458,307.15775338090094,1617.3840917539565,39.82712557109012,111,2479.776093229407,3.7744465517073635,51.060112490485004,0
Type B,302.0175334416323,314.5979841922768,1730.3325494694213,39.18614795517783,172,3173.3962034034066,2.9609796931950596,53.69470946367084,0
Type C,298.2333811251086,305.1713999209396,1326.9614820767833,35.948948282694104,181,3560.7650976444106,3.304232399816031,67.56299583990211,0
Type A,299.7019496526889,307.3841893103621,1329.231098197747,51.799657394575895,159,1731.5081344409477,2.3079773472749734,68.68429714153339,0
Type B,300.5501909428053,308.6964124883037,1862.7141699357896,34.7512149185796,145,3994.693133545256,3.006684821778258,60.856208403126104,0
Type B,295.2534993005455,297.8425878537844,1692.7453972982871,24.550201411883954,157,4787.462263848472,3.3561844981986177,55.831346577835326,0
Type C,303.72490561717007,317.17193959398355,1402.3072644666697,33.213223381040216,54,4076.4741398308774,1.8475848137656765,45.46843446346924,0
Type C,320.3997125389079,335.1660869956382,1473.1972077619407,53.267746004547924,51,2823.947197195765,2.4020042309107486,56.54005814011058,0
Type B,287.5610935247175,294.7557169256621,1474.3215133312754,48.321321614571175,232,2705.5966025995094,1.2152483870612873,49.469948924940624,0
Type B,302.2680876693299,313.66089973310915,1507.8935305703458,37.44984347340139,144,3799.8523441740786,2.393000213890506,66.41365327596144,0
Type A,294.67866937966767,303.61650748115073,1618.1707730596534,53.73255141640474,215,3346.6962846618203,2.010395083923948,43.75726017146658,0
Type C,304.04181804263476,315.35491389095887,2133.748186524958,47.47942228821883,156,3943.041174255908,2.369339387219959,57.69139033331082,0
Type B,300.32590231329505,307.81559334845093,1547.439140290663,37.33410636365393,113,4101.721372605634,4.254186014562796,48.88032435644742,0
Type B,305.33298341829726,311.7992827939467,1665.6495376063126,38.3409014489892,142,4591.890528894663,3.530682104078319,54.93339370161569,0
Type C,308.22854603556146,322.43684557965645,1078.3808234524643,43.293177319454344,172,2367.8765710704783,1.6363314779796208,59.662477332177396,0
Type B,301.34694782437725,311.0914654838793,1378.7750018052911,31.681130503361842,46,3721.618947849312,2.833442980959643,62.15378082147468,0
Type A,307.92436601889926,326.0128018223132,1807.2037506791512,40.04505065509351,115,3136.5249960386764,2.979358652235543,54.57516859347893,0
Type A,283.58991474347926,293.7751546026558,1600.578847839154,43.0851336461329,180,3401.3649560646386,2.297261747977246,60.3285158512707,0
Type A,311.13316608541214,317.4288539240102,402.72135378379085,23.1303376139146,21,4364.408852668744,2.6069845618951297,50.362709309715285,0
Type C,302.62543506324636,317.5331985689901,1668.5058005790493,38.10679677432102,18,4473.125873051244,2.665589324448999,56.71876869341254,0
Type A,307.54490349021626,320.06810414680035,1979.5410986571924,36.969438146343116,40,4898.443650383654,1.6920331762828837,62.015451901065056,0
Type A,291.46086978610936,304.36836124089507,1001.0231034700516,50.280680199603225,147,3925.590250368268,1.8812023875483113,57.32469634697991,0
Type B,294.18461082876263,308.9470135442343,1879.846918911378,21.55503006188966,59,3389.9832092442057,2.603378031064594,51.29459412538686,0
Type C,301.0215680590134,308.41038288363023,807.0110923435179,36.184939802962894,109,3247.121530549616,2.55964151678906,53.046703427055974,0
Type B,299.88073477463774,309.3717215386966,1734.4997362633533,35.18245352635413,33,1765.2449976053313,2.0748623707496385,62.10959243783557,0
Type C,301.9814801160699,311.29568079011875,1497.83784349694,49.60070963921601,62,4839.7350448986035,2.0233743160876934,47.3570876815029,0
Type C,307.59160612650976,312.4286199788473,912.5071961888459,39.56453430635107,4,3178.10158621433,2.4461324501972763,48.38979406194783,0
Type A,287.64345779288004,296.5890971922471,1611.5344568099467,57.96094645652369,201,4005.8970600029106,3.0316905717899636,59.211121318682146,0
Type C,306.8167335020212,322.1622513335285,1787.7099372880148,46.62213381906386,116,4178.996525742433,2.454108537431878,51.925994838207416,0
Type B,300.0579733697055,311.0073257848809,1590.9717509553932,35.89777005810481,43,2254.6844909498604,3.4736384983813897,44.828592625552176,0
Type B,298.57352697212815,303.1892816607482,1646.2069092649033,42.39658696558959,131,2576.6536075403656,2.0825076714024635,64.45573066929337,0
Type A,289.70219335930574,293.478835712646,1397.0809719152346,36.459311906305416,233,5047.019907055494,2.6158658808728954,47.302797984840645,0
Type B,303.52134067863807,320.18044491363116,1034.6525611947445,48.5939609049042,206,3790.435515683544,2.2874227425375966,53.60398990676253,0
Type C,283.10124504278275,292.73996900176223,1672.966005584266,26.67802286708988,221,2919.414335701484,2.852776567847866,50.66335549419031,0
Type B,304.538758078671,311.9491172558645,1937.4384798615738,31.763040234286667,101,3373.6529888724563,2.031047270664882,52.916215601218454,0
Type A,289.55525915168903,298.459292092101,1782.3952135568647,44.55689918554921,90,4586.236904832839,3.656438652396253,48.80766379644062,0
Type B,300.3742053883223,304.46497437105296,1003.0310425996635,52.25756448723621,79,4434.314479734304,1.4856325581543963,59.99995466385424,0
Type C,299.16581813870454,314.85819873675104,1121.2763981972666,17.98031403860801,76,2033.9182377603568,3.529288143808148,55.775764670148384,0
Type C,308.1867670310572,316.61455528071303,1288.5080645506648,53.744712159904154,229,5134.283843671892,2.5539930814652996,61.885575166476244,0
Type A,298.74941381690275,314.21901992785644,1101.7561371799643,38.59864871571994,34,4466.14803099868,2.831454749048148,50.73582251920794,0
Type C,295.14103007198037,305.34763692976964,1511.0474798890098,21.16125038062837,212,3347.5247506584137,3.3007149418551744,69.93115238964448,0
Type C,296.45378112820157,312.1719090264753,1598.3539512951306,9.982721581106617,229,2308.2775569132796,3.0145968970996417,41.66745850147239,0
Type A,308.91017938128266,319.936957377455,1142.436679189408,24.706139341917204,211,4554.008640060925,2.0619838673241633,43.904055644543945,0
Type C,303.75407878426626,317.16700943574256,1694.282114818882,39.802951441545986,156,3976.4275002946197,2.860053733157561,67.271593934015,0
Type B,297.3005901293379,310.1769623136912,1650.2759860050035,39.34101962191115,213,2042.2016219222348,3.62048438358077,58.318291672124694,0
Type B,298.3448750602484,310.83803932525626,1362.9602187890741,46.3320043470931,7,3267.921924641623,1.9676249727035064,57.38970258139253,0
Type B,289.0297603659019,300.4214982746327,1456.869503504004,34.50512822439036,204,6626.172942792488,3.7710571067163867,58.01892715122608,0
Type C,302.7193194059608,311.7879165414985,1012.5497060867422,28.91959453553829,127,3516.5017574144217,2.7314214915811386,58.998450891053146,0
Type C,287.6812900461317,305.34302881242314,1416.9344609282314,35.86913612339107,239,2758.029405664343,2.2400633368478458,57.09837404303765,0
Type C,305.26257526084817,311.6348273204646,1501.8462435325814,40.33610286911577,21,2491.5033746933595,1.9640263692350475,48.23866855862426,0
Type C,300.90035114743887,310.9175817168115,1542.1868988070473,42.30772794955277,232,5272.09898342942,2.3660277553550353,60.72733633550954,0
Type C,316.70866259701745,326.76820609784784,1594.7192280050435,32.108353007275944,143,4347.759489577688,1.3268330013577028,59.624747480767624,0
Type A,292.29905112392987,303.908814137304,1561.060435807643,49.014467003353595,25,4907.439113917228,2.2508533185647277,64.9990180271788,0
Type A,299.2813653627156,307.56347477913755,1433.9140756835823,33.78603228275966,127,3748.185284092158,2.342243653686633,67.34968753830816,0
Type C,312.5880139064614,323.8469991288198,1571.5487356385793,31.302826376750964,9,4754.019235332787,1.8553518105325484,57.31333255750283,0
Type B,308.3397274820399,317.66435714122804,1750.507998327562,34.5760849053171,20,2651.6796104520895,2.948707116942616,46.40715687657472,0
Type A,295.1265156389407,298.7987055691891,1476.1254816725889,50.74840175702607,132,3662.590980915058,2.368740227326368,67.40766051841496,0
Type A,301.56777199861415,311.60598114364154,1579.3987227079192,38.67203547059341,203,3787.053514972736,2.1185232732313435,47.87295045497941,0
Type B,300.0139954949056,305.611734162785,1453.4572343339703,33.05486496930228,27,4882.446931875221,2.304799638958874,57.36574935570667,0
Type B,301.9736910717591,305.0361480219635,1338.310270880107,49.261077504485435,65,3818.8430401404553,2.713064483989508,53.202862515054015,0
Type A,295.1092369481062,305.65673023086373,1630.7199167294011,61.427485399487466,97,2874.488258263785,2.5439327262801967,51.98562254870645,0
Type A,299.3747571810949,311.32629054917317,1361.1935139574487,42.096826343089475,135,3564.073838920374,2.0794149471474532,60.35010085072062,0
Type A,288.813633373063,300.9204255414813,1596.5367252480476,52.338424608654336,0,1823.5867975397593,2.5753920844242666,56.71121719487576,0
Type B,300.9458641630766,313.2145469911554,1507.0638428775114,50.36077950574789,159,1179.0312667297326,2.4695944254602455,58.592690438876915,0
Type A,303.15014471395284,305.4197886301904,1424.0163308699641,33.94360248341667,124,4331.341370108287,1.8163214661107125,49.29019596885641,0
Type B,298.4080641114928,302.96399639986294,1417.9642919633347,40.26634180476233,240,3125.256113693656,2.326897183895644,53.781475242377375,0
Type B,288.6946437659065,306.5887295131612,1372.9697518960784,27.174553702960125,75,3238.582701019732,2.847602962252533,49.6132551411151,0
Type B,306.9197230399602,312.73088799965205,1088.5497069777466,37.95057733638365,123,4330.946679366615,2.843282955937905,53.606498884157745,0
Type C,302.5516752659496,314.99503939049634,1595.723773790423,33.73809630874276,20,4897.010385044599,2.3620214005579636,54.168664425928135,0
Type B,294.91789431609317,302.1701438294298,1557.88670631958,35.97114042824365,229,4034.487954827583,2.906063676871586,67.91012921243357,0
Type C,298.0357968721336,308.35448782920383,1712.4175631121234,32.50104968619664,208,5428.072830217812,1.9120267018092272,53.18428039871882,0
Type C,289.49531418052715,296.9622973714328,1367.1357744233012,37.129031918044326,88,4002.6891340572774,1.9306072970840045,40.120811728285474,0
Type C,292.82212910555467,305.06829372403325,1973.8459063691669,45.32232686264914,115,3802.213463579995,2.3492470220237918,64.7656407612455,0
Type C,296.2353205755,306.7824170447668,1405.0660130375918,38.80508089560004,214,3740.3888225045994,3.3985396816522813,58.144815618182164,0
Type B,308.59894568596104,316.8057865913841,1281.222589451326,21.356268022446145,73,2214.5044378663833,2.5979509759229233,54.08292695812627,0
Type B,295.52347626378764,301.3227877850648,1251.578770039334,32.53879435101514,58,4455.998605640122,2.3347805142005367,51.93949243197233,0
Type A,304.4814956153013,315.55259240527135,1066.5193991925844,24.806006474417476,60,1054.5339799847138,3.426482800723988,48.3715204076018,0
Type B,296.23178657996897,301.3809113837986,1883.156973098282,42.44060225981768,176,2913.7471427242217,2.327836938877877,68.56633667960544,0
Type A,301.7356329259631,313.4455570944465,1842.7668476921654,45.033173640541875,52,3522.9303505676125,3.8408399423715966,55.362914220620254,0
Type C,299.01023148499337,319.516171121141,1650.1862907211894,42.56548221854165,22,2710.237676586637,2.1932301258275526,42.835741995629675,0
Type C,306.1113962006492,321.51207640569726,1275.977798056055,32.12595606700613,41,3048.2440769271784,1.8929627624492193,57.294180232996695,0
Type A,296.2563206324701,309.12971218004674,1952.81692038978,42.46853929131216,246,5339.375566227229,2.4001828150888747,63.443201914243886,0
Type C,288.9923022499829,298.6498730590183,1412.070209619586,35.29885744231125,218,4604.0238857816785,2.3505494434977896,56.09504267847448,0
Type A,290.32635678045455,292.57134627244045,1432.743542193337,28.617745502497478,238,2814.172319193261,2.01536801419043,48.6888456946328,0
Type C,296.2768575424007,300.9877119588,1859.314770109019,47.4192991970893,69,3030.4334890276236,4.061184446895062,48.0624799978274,0
Type A,291.2565802052536,306.3877516296645,1664.727646120218,48.18027753723772,110,2222.9960514481563,2.69117594068315,48.57876750596535,0
Type B,302.87148410975686,309.71245978925776,2050.2757846886484,49.48895481083506,122,4204.993786006137,2.7785497442029503,65.65160597932866,0
Type B,296.73962284599344,303.9426144533372,1562.1805650797548,33.91651399967544,130,3250.2575495895244,2.222872439717847,54.49835161334223,0
Type C,316.62224585018504,325.95964394744897,1400.742300105319,51.79362312693079,6,1533.533529105452,2.153398369152922,43.24892909724959,0
Type B,287.8359978340401,293.5878127986539,1347.048779135051,35.06417748671932,149,3600.783591810058,3.11533501343062,57.68893748091125,0
Type C,301.4254322509686,306.518357312762,1038.2509557023432,46.53501321538513,9,3938.9788836018256,1.4944949364461435,55.987257499014866,0
Type C,292.1043288354603,301.9024325443346,1430.3510567984488,34.89087338233325,68,4463.140973175053,1.814281316325779,51.857731731816685,0
Type A,296.54619061732126,302.9800727986331,1786.1483347068452,37.76017836254229,73,3426.645205423225,2.3516148966354673,47.85715270737832,0
Type C,300.9899363133838,308.0258619942682,1649.7085431640173,15.788221426108105,168,3127.3288372136185,3.310628383380587,47.552735701589874,0
Type C,283.72240037588,290.597636271292,1505.0770016401013,36.980867855830844,224,5486.2646804895285,2.275289816218316,62.60643670826437,0
Type B,301.6577828175162,313.7472236728541,1251.2663890459178,40.91089966785027,174,3506.5861560995518,2.749690934364518,56.73258999063568,0
Type C,313.3203522359192,322.3918494739378,1556.7182545031842,35.89950382636161,108,4219.5618315979345,2.516637207632855,58.35050565263249,0
Type C,296.82593191141984,306.1116440398444,1753.2034262988432,57.561880680851395,131,2960.4603566237415,3.277755047762085,56.71331166706084,0
Type C,301.8186549976386,314.2064385868741,1607.679814117496,28.375339146747237,128,4189.909651635833,1.5491661890722472,57.29382093438275,0
Type C,307.1744518518778,316.60629341894605,1541.6837924083397,34.36418762896074,36,2044.371007595902,2.941577922233666,51.72123735600231,0
Type B,298.852325499811,307.7393104259823,1300.7605866796985,30.951273900141466,239,3037.9324542813665,2.380660642154442,53.55919451863456,0
Type A,295.9332786802796,307.8150801025603,1716.7954535280032,34.36223021004529,229,2291.725760573946,3.0549305163516447,63.1543826379753,0
Type C,284.0698451739477,296.74263654817827,717.0237953139548,50.314130629407046,60,2895.0266781305327,2.0084307363398106,64.90213117473378,0
Type B,304.4869350357648,313.8986410377304,1595.7114272162862,54.78031794326964,28,4750.470040231071,2.5146358419177033,46.445356085681745,0
Type B,299.20782113189773,309.5302522343798,2142.5804952361495,32.99207389081058,41,2887.6741106963023,2.4384959734523894,53.542188168245524,0
Type A,292.91121304028286,299.78405212134953,1122.9066531670383,32.76992457276797,157,4218.256125474084,1.8985387172077526,60.87499751295565,0
Type A,300.8861769719439,307.44344479928577,1439.6576363246586,28.428713514060853,7,5017.26518205704,1.7317521922318218,68.17455812551012,0
Type A,295.91423750235674,308.990827510224,1498.0222524688184,53.062853865193034,25,3472.422686396681,2.1517531828821146,67.47371706931526,0
Type C,296.3010170821913,308.0807853323698,1384.3542964858557,51.210044069163025,162,4493.76710505628,2.5779586773969996,49.4296952953745,0
Type A,304.24403809276095,316.06523184642725,1759.0935606397447,38.94018200011213,36,4031.0859581386753,2.0458526654173044,63.92532282744078,0
Type A,290.6313231207331,301.7547405156352,1618.1127535888252,26.0390080369312,17,3616.436930583533,2.301955862183309,55.410454114749115,0
Type C,307.3312070025163,317.51602010577614,1538.0750931368298,26.93337434543748,5,4250.31558931693,1.3685215873098575,62.31091647213017,0
Type B,290.2161968581712,303.0018444214623,1699.31814029232,41.70629450384593,176,5339.938089991853,2.277610047709762,60.517950765749006,0
Type B,295.36109014151316,309.1015251856043,1504.1876772679354,45.493379184464985,90,2862.7310874914474,3.114151987975004,46.152251702046655,0
Type C,313.460623358466,327.1055353792286,2294.9661222058785,19.338551949788517,71,2540.799099823925,2.9231081955820497,58.84981769639023,0
Type B,307.89148333149694,317.488371667713,1537.8367334141853,36.78690089462117,159,2482.0854543446567,2.4478468377837137,62.03987613818502,0
Type A,300.6832279474681,316.23119886710344,1548.820524622426,56.18295889557383,42,4494.427969736555,2.6461916350084977,54.85891321480518,0
Type C,293.41628849149146,304.3301312184207,1072.3829876066811,37.82490793369715,130,4629.367623128353,2.0030437626435056,53.27578500885365,0
Type A,296.29509385310075,308.82459862336395,1364.137418174144,54.89638090790624,120,2962.963066666065,3.4746632099748402,43.99835261758838,0
Type B,300.5129272020999,311.6412787654394,1786.8444204499524,46.49046128955683,168,1363.9864505606529,3.740657503908343,59.785322615856536,0
Type C,300.26266262637716,311.25068945631386,1166.1357874100318,29.157203991646423,155,2825.2432600769143,2.5988941784235844,56.461238574697376,0
Type C,299.36390349261825,306.42089553161696,960.6107064245112,37.07328706648144,168,4047.854177806996,4.054411501636896,48.5447125970294,0
Type B,299.78417240141073,312.58957575479,1508.0788677968937,38.71305761455297,53,3433.276861017167,2.0918905770787948,52.7191200218652,0
Type C,298.4993742320642,319.8805518116948,1842.6861268687444,30.474884319064934,35,3680.347746755367,1.7493524559586282,56.08152274389441,0
Type B,289.9061488505199,298.40696855135957,1510.5953071740314,30.30131977189059,133,2976.655581724402,2.074225747543529,51.089549476631305,0
Type B,296.3844248048742,306.66840366657397,1415.9688493434141,55.06768592118561,14,4514.089124709764,2.3683058409550055,55.018739892569236,0
Type A,306.4023683779079,314.6175473205189,1035.378015564755,30.226393803070483,113,3843.1918017546363,3.887239930721778,42.75047146957586,0
Type B,290.42165991714216,298.4695803108944,1613.0635306755482,50.7843607640868,156,4086.463472363802,2.3313045235564243,64.4459518779637,0
Type B,298.67311141922505,314.85090933169977,1665.3187772207611,35.63515521634984,205,3659.0656830266817,1.9842065123175874,55.111364994763996,0
Type C,294.2617224986041,301.56983842769426,1054.566875224725,39.743606701168275,163,4024.3681636108436,1.960924684253538,47.30452545456782,0
Type A,300.77945300578676,308.88313111232134,1783.6331121743046,45.61844418238572,248,3958.5716881809612,3.1840132672259682,37.78203806128622,0
Type C,297.27956773253226,300.9295964376071,1691.4238814730272,34.01441327095321,139,2571.925371864218,3.0983810489854218,62.20394458723375,0
Type C,310.3417556548227,317.3113087566537,1783.0789856368365,45.67904313494533,111,3873.063095375128,2.208713088187834,58.90664086906549,0
Type C,303.54608207933177,306.71248250751836,1645.8812729583356,19.53570300451618,61,4291.50817194652,1.3745295303537068,56.47479999428336,0
Type B,290.8173778395595,303.34459663640723,1663.4206772028297,44.397073884146366,168,4655.141466194844,1.8228438731744292,61.04553600885223,0
Type A,304.6985960812959,325.8973849686451,1630.1802246754346,15.31469875428364,202,3916.107148283713,3.5327463024997257,61.02628877407698,0
Type A,294.57743700616555,303.11072183156347,1717.1180803752989,37.73153273301543,80,2534.749481268464,2.913284730729682,56.361066490374725,0
Type C,295.96102540035724,299.2939936683963,1045.3105577190204,48.54242985318491,18,2688.682670425997,2.539276825334983,53.22050047919528,0
Type C,302.19673314074987,315.7967317984688,1124.7351415946214,46.22295306058376,2,3064.8519187470692,3.621299903890635,52.0800088096932,0
Type B,296.5577680618891,303.65006822616846,1315.998024952557,27.01589521038059,158,3689.463908136525,3.6749957636869097,57.94659416733639,0
Type A,306.24999071426066,321.4473784364748,1467.5449570818616,28.30335603906483,165,3377.7638986924067,2.4784362388232206,64.77921962415544,0
Type A,294.57842956940624,303.45031337824645,1597.034230827045,33.11327959677365,30,2376.267934369086,2.489456943681,54.27967780078821,0
Type B,295.66737413186047,303.14011137552933,1581.1704133072126,41.862158623581344,5,2370.2799656849484,2.150771990732754,65.33534184141706,0
Type B,295.40540374516326,304.6935735221805,1779.2764528640078,19.680668099562965,163,1401.4782250933163,2.329238027508919,57.612067314166886,0
Type A,296.04052876151474,309.07163580525946,1787.1238246450878,39.867764241514415,99,380.5250761319894,1.6082050145199274,57.66483677961663,0
Type C,307.6943408888347,316.78465836581205,1281.9037229265518,43.11429373800065,104,3368.2181770450748,1.605768174289564,71.8357662712678,0
Type B,304.40157405527214,312.41467524409734,1559.6440275126179,37.169628191290165,65,5820.230375142855,1.466404678656459,66.56874751352902,0
Type A,311.9696076780845,321.17428126616903,1288.0421130695404,45.25320968053052,179,5296.779523791427,3.150602204151667,66.7502647107175,0
Type A,315.8735094272948,320.78608868929126,1452.9382404116084,42.23724158326204,186,2521.768587877029,1.5631586662524621,49.41670439143199,0
Type B,292.7849807764736,304.37310718564953,1580.4478422621237,34.58345740601105,13,3649.9032973906105,3.6699773792236927,70.34527751509404,0
Type C,300.49293389129105,303.34602751591143,647.8219808820774,20.6381063974051,22,2035.4204899498343,2.061773265280357,54.4244824411603,0
Type C,291.76659778349597,299.9901119660339,2102.8110099099213,41.33413081570823,138,2187.8904691418793,3.5424099440695214,53.40756174172546,0
Type B,294.5567585057621,307.5942993410851,1641.6021693493688,30.46924634770022,150,2302.52740236962,2.280967394280715,39.88526110610733,0
Type A,295.5894224282103,306.8016155599412,1351.0741811466485,34.216573751384544,36,3274.501315558167,1.5602879374477139,57.28403577187676,0
Type C,292.5999158810321,304.9611981729776,1981.842438807557,44.791242179630856,39,3317.5403897880237,3.2702673388392816,47.416522293281524,0
Type B,292.6367890897111,302.37660639883586,1413.1422073784513,54.17333383434351,170,3752.7019708068588,3.341119376579935,57.85777679982894,0
Type A,298.9900093503582,313.66899407430026,1533.1298464570145,39.61939876557991,113,4163.216389704283,1.9563693998397935,46.86904406733616,0
Type B,291.48297107129514,305.1817678583743,1378.2210474005933,45.540648364458704,29,3163.1190766048417,2.3010086400415295,67.58389886456362,0
Type A,305.89488871396344,317.67945273095415,1912.9979593608348,25.555206588471094,152,3536.201970662628,1.9565224380634125,58.8610177401371,0
Type A,293.5757252380774,307.28590834733154,1473.7538234235299,42.455235809950345,18,2406.1874933097906,2.4276839833253687,70.95910103024704,0
Type B,319.66698279067475,332.6686770082891,1537.3710251848772,39.40094062322837,57,2155.5029757428188,2.564697488464513,47.83883177955241,0
Type C,296.84030884324926,305.0824547898617,1800.9455382563615,52.29227580626182,178,2001.0276539516904,2.2891701645307427,65.84425471295583,0
Type C,300.50412349341934,305.128527846654,1646.2848643652692,34.59541523971244,55,4149.247801128227,1.4086651627654883,42.38101308077022,0
Type C,290.93261170873774,302.61406021210826,1486.412983716482,37.58362382837629,15,3162.0921519117564,2.1514724109459866,56.45652833532006,0
Type B,311.9426423068935,324.1269992302192,1777.5977430893658,50.588144671327946,239,1628.879737175597,2.922111258132425,50.57863816040634,0
Type A,307.8365047656204,322.1983927301747,2134.620807356988,39.0796620760535,56,3436.91104731639,2.3746602744424505,51.8643042532475,0
Type B,302.0784110951528,308.3331259949716,1579.3526121998552,28.911586187127313,128,2251.1786682139164,2.3035356234629765,51.3845250746382,0
Type C,290.57238215854306,296.9466579214344,1529.1900219681415,65.51633273290122,206,5160.378818972972,1.9415340729815411,48.5969867025407,0
Type A,301.4746681440723,313.3142692093034,1542.6567709047704,29.214072366632667,247,2921.1782784131738,2.13396917848143,46.18218185344515,0
Type C,292.1499826778792,301.86531472246685,1827.6073752078794,39.35299918450476,202,4181.505985819122,3.345368863949176,51.90301235147971,0
Type C,310.2364868443135,312.693440402029,1350.2005662417694,43.466881560256134,84,4588.963027384987,1.8161336459187352,55.8121987810081,0
Type A,305.6643631229722,317.16479577798896,1430.4206100720849,42.67617509031115,213,2545.071547442959,2.9324938580111377,63.14586049638213,0
Type C,300.66807326941415,303.25838160945835,1115.6392627183398,38.10256295993601,3,3576.0471175547077,2.528233132542115,57.06745277634738,0
Type C,282.94537035726876,289.1643441497753,1204.0330343400065,38.15239629473692,81,4053.4679013881464,2.646886397872841,63.1657814090607,0
Type A,293.11608814938677,308.5228136408272,1370.5499993255073,37.650681337120446,49,3615.546172410107,2.0605862313912295,44.6527618963003,0
Type A,304.8143279211991,322.1138439924276,1486.0157514848943,28.840661414086277,132,3861.100759309818,2.28893358037125,51.96921416003881,0
Type B,308.4901858420621,313.6275603681742,1942.27083144253,61.50219214422729,222,2170.370606440846,2.4965678918968255,59.97703443395497,0
Type C,307.76418868044493,316.4466225307942,1633.9982012313062,37.80009082286623,193,4054.036219714524,2.1875998212344823,57.40233529053951,0
Type A,288.8559089843098,299.0263990766246,1271.9803724525516,45.969309928230956,249,3013.835805827291,2.6988592624219296,48.971774197385756,0
Type B,302.11086614769033,319.2357738580166,1318.0048786589712,36.653471423183944,34,3849.4512232841407,2.7744634096738428,61.53848224516131,0
Type A,307.10860651538053,315.1371307240829,1843.6871708076635,36.45236327644516,188,4419.988845551465,3.8036239741719524,51.28108772633263,0
Type B,288.3916510409243,296.48411494879116,1781.652587157298,35.4455633733035,181,4168.8085075182735,2.666914017617423,49.55845507024395,0
Type B,299.94466839238737,316.1395706262388,1507.0374775560508,24.501542120107494,114,3848.7197254894736,1.3526544066886976,58.408634323477656,0
Type A,301.9168967881592,310.41774017728613,1389.368383615292,38.393788598792305,24,4142.128296184516,3.197811448503208,55.04318555733965,0
Type C,297.89464790607286,310.78345474193867,1781.2332089261608,35.929923456805696,26,4188.411053888785,2.3776776150182846,51.33961365479973,0
Type C,287.03486701219157,291.1262951517419,1251.6682183188284,51.71524509184777,228,4995.501161383926,3.7071552177621125,51.101920323270264,0
Type C,297.7201132294839,307.0351822531146,1598.0075995143807,28.032998824154845,73,3465.9493005372287,3.382554671503185,47.511422401353116,0
Type A,297.70886198821484,301.0704746349092,2068.1647477233328,34.22852822445145,159,3663.9569934423885,2.19683956977306,52.229762277587945,0
Type A,298.9634931681657,304.7417580443429,1551.3389205628644,31.015595332459178,236,4432.066808976111,2.9331416703227053,62.70006604841205,0
Type A,296.0557000220245,309.4125054426336,1306.097630184599,54.425303940118084,123,3009.612390236487,2.1436269113512676,56.71185324091715,0
Type B,296.8989149273097,306.69929336296286,1602.5921756678845,31.30591555145329,52,2164.7325273220144,2.5016144958488162,61.71015856544142,0
Type A,299.72205602357116,308.4456330613593,1382.4978202461632,45.62299844726137,121,3993.230174582771,2.9055908886123722,58.61247976372291,0
Type C,303.09718223478797,310.1021837388643,1151.4710390616465,49.7016147340598,57,3293.9763153840554,3.167800123627906,50.714276551197266,0
Type C,297.8690126600033,306.98638836703816,1675.2590067180267,38.53877088584592,45,2292.472588265632,3.037123497331744,43.4560110765103,0
Type C,297.13245750142397,308.33691016982675,1779.4586001374305,26.231889990595317,202,4000.5419293798373,2.544993779147697,48.512019447073435,0
Type A,300.6464782677812,314.5781430936283,1422.273331981857,26.3584614123631,86,4931.133015029249,3.99005434004873,50.301349322317364,0
Type A,286.5535885187337,286.0530017823465,1405.6910814759317,48.597640647960795,171,1870.257453710914,2.2809877560837464,49.759919907958384,0
Type C,303.33924589058523,310.012201193534,1259.6086522195426,27.394059812001426,181,4522.3249952164815,1.5356796209804213,61.86713948801804,0
Type A,299.9960583201393,310.63244328889533,1462.5160998831084,43.92026611059912,137,962.9324842543183,1.6511804228744054,61.79411926794791,0
Type B,300.27785468618293,309.8824022223338,1359.4079042692024,41.14349109820596,135,3099.713369818486,3.3844046380734056,70.48315748193652,0
Type C,306.72514015316125,318.3386451232681,1247.2418283241861,43.77132484311027,45,5340.515912242579,2.454008248091917,49.6539518016533,0
Type A,286.3302912896623,297.4004524341685,1973.0422075999015,44.715848078458876,132,3171.6759514871333,2.5954344988324554,66.18213814245091,0
Type A,286.1831629109873,294.96369145901366,1616.6232041873768,30.663292155820983,187,3589.938395820992,2.1744856720453978,66.13887043964891,0
Type A,301.91662691726464,309.80921413331595,1643.098777007338,30.244718209852586,48,4262.866200773555,2.2283785124204862,53.374153693727955,0
Type A,299.9501820141004,308.9681760551584,1720.8498922331069,47.149271341004024,58,1783.5264859393476,2.027742483430423,58.31488777858164,0
Type A,301.1912386023435,315.78620800163446,1692.7590541899513,33.706553894356034,172,3572.0948008397554,2.782690487998053,63.685132743988476,0
Type C,296.7651104737929,303.83707874217004,1396.7225118008214,12.498515079948515,245,3564.2130719613083,2.4415720494777395,54.587527641364176,0
Type B,304.6504757196795,314.3992488271037,1568.1381557428667,46.48755297883865,98,5362.320973248739,2.761003226682041,54.0452575594975,0
Type C,306.52847190093786,317.2618407569315,1432.742378934835,29.637387119312315,207,2264.259169002177,2.70366303119049,50.60863805217784,0
Type C,303.38787605766066,319.6292797771585,1609.615906194165,44.67135877905253,45,3118.4606835498785,2.2444727598202623,38.47973036935879,0
Type C,298.1742007911679,306.97296775822264,1585.4227214895411,53.928218493169695,142,2571.6442091763843,1.6247616248183276,55.49330131541935,0
Type A,285.24617428669916,299.081400910743,1404.3349347839496,40.167624572619474,235,2465.5881963086204,1.5725202424003855,50.030914707826014,0
Type A,305.3846534562599,320.31257106932003,1167.67531926955,49.95765831663531,110,4627.402727064578,4.315990955017039,47.472559634682206,0
Type C,308.55210066352316,318.29708360356057,1536.559264241377,41.53797680536202,126,3526.651502000818,3.386904066653986,57.9553415510102,0
Type A,304.5119088838879,313.66903296758085,1448.9326280481753,55.874293281411475,38,2944.4328035734793,3.3041095401347285,44.84081431425231,0
Type A,293.84250300842746,302.5262883202346,1027.4069380728104,29.37892891242894,132,2982.1540988574643,2.095235915807863,60.642559238964324,0
Type C,304.7165607556743,313.693268218704,1626.9154422221793,39.9178501958351,146,2936.772923054604,2.505705840257872,58.385195206823646,0
Type C,306.0237079557301,319.4406673980375,1741.3355280606938,46.73161605041467,245,3026.196822592306,2.0107823245700978,52.19864751811924,0
Type C,310.9117137345936,321.83575364361565,2132.089118802238,38.09588242989955,50,2235.5546557107355,1.7127507429004656,54.55682823008878,0
Type C,293.8672305304043,304.8083893670838,1402.2006241698348,51.522189966526696,91,3241.2704574348,2.1467358877745797,46.668452340920304,0
Type A,298.414817908191,303.91392386667167,1365.322025862733,35.6796046048922,161,3140.7933083478556,3.2957109780577474,60.252370223557634,0
Type C,305.2309043580042,311.36094404850326,1222.6447423901895,60.693711516288886,235,2742.203293596657,3.0044472201543817,56.311549687358855,0
Type C,300.4018705000671,318.975657799175,1552.1604766217517,61.22197504272245,59,3655.0462563049746,1.9179711990267871,56.83294968212681,0
Type C,292.17870678564105,301.4674038844863,1550.5795451395888,42.820719962272996,173,3739.889480118158,2.311110369905515,58.51323265771191,0
Type C,302.90231399518694,309.8032260128735,1297.1759163033128,45.52601180354617,219,2943.3527857082922,2.9494739031619486,50.50309210275793,0
Type C,304.05063143670617,319.7750280990634,1456.26752949904,51.91671435624637,158,3355.865849233745,2.1574171628875978,44.36659207555346,0
Type B,300.61574027431703,311.74297446905126,1005.3335832776609,28.12802601032633,106,5658.623726900856,2.547751746899638,61.70122862438841,0
Type A,301.5370944902596,313.8497141577177,1731.5941869583116,26.879999854222092,58,5620.433258602137,2.7411084682388873,59.82102889528685,0
Type B,298.1890586881999,307.63687038707377,1307.3301850819582,52.564189138576346,72,2445.9098098702643,2.7345583311064785,51.25248837710346,0
Type A,310.3479525500124,319.07326018770516,1491.3359121467552,42.73988472872999,12,2585.5524334114416,2.6524872566141715,57.863771393910284,0
Type A,293.69515471401127,303.0168092240221,1143.3266446755551,37.73494754020211,38,2440.596723008003,2.107781695730494,63.80581407102565,0
Type A,295.88875466065355,300.35780197945905,1354.4116001346067,40.11123302881161,109,4557.053939972239,2.1694152474887107,62.970905621587576,0
Type C,300.0768985946927,309.7251889570131,1430.1022116206182,16.139585276359306,35,3101.470700424306,1.8198100890876248,51.04808814497603,0
Type B,306.15267819390624,317.33681050207673,1497.1772882597925,38.094376855429985,2,3739.6742435962997,1.5631980438986366,44.57867268196024,0
Type B,289.51838780933826,306.9202407447133,1619.933128880628,32.469532608067766,173,5496.967333280883,2.4311507549858624,45.779494022822725,0
Type C,290.82792275164195,301.1719190116628,1859.768770871555,49.18071633615082,17,3489.5352056895376,2.989755768752315,52.817917909314225,0
Type B,285.735900445857,286.3991922770158,1683.177735692339,49.95030778384006,35,4206.248721757321,1.671830563507632,65.2362199330101,0
Type B,300.2288665767729,309.8529248456344,1740.5411357865612,45.766802341299105,148,4020.4207493003933,2.6637839464745543,49.900882115010425,0
Type A,292.1718592795542,313.12987581198746,1861.5260274857847,43.95458648799141,230,2911.782648304051,2.970778728030037,50.825705028934514,0
Type C,297.3081492298746,310.7736141698147,1642.4269703806744,25.02653251279732,181,4559.161731741859,1.3979597387071927,50.68162231317177,0
Type B,304.62964732924195,311.3860915540076,1490.823201095251,45.90643079996874,8,2650.299190899814,2.337651339918269,51.27788442597933,0
Type A,295.50920095452005,307.8736270122423,1752.2779765637638,46.29397945523384,41,4839.879786444176,3.487726120275024,54.921412091393606,0
Type C,301.61897415920356,308.6509204596446,1768.252321490414,52.4519265376873,185,2912.5490347908803,2.8311646106544237,46.03964877813771,0
Type C,297.90463464573793,302.4894045675505,1662.1414594915088,61.18209812430197,183,3022.0322794639055,1.3777257105626273,62.59051969428866,0
Type A,304.70480020567504,313.31132275273876,1136.3431007409743,23.074393264283913,97,2411.5121763732086,2.8950036774469665,53.98625245393247,0
Type A,303.32589647143607,313.6920022283915,1289.6349617263381,36.115231743817866,237,2575.740589183353,2.051357923463003,72.35394202307734,0
Type A,295.15646412677773,297.66784211704413,1431.286473992379,32.57733362842355,222,3073.2356776714646,2.9147841580556557,46.78500301014989,0
Type A,298.81943772619684,304.2228005640423,1694.9052551839748,41.725071883850745,185,1068.6514420893882,2.0859509400395355,66.12906320277436,0
Type A,307.3062037840435,317.3475460367729,1494.66339523236,40.13401858218039,187,3266.6676588244036,2.468180533352821,64.7394177859054,0
Type C,302.75363809177867,311.12094538782287,1784.217158362641,37.659179269198546,196,2992.0257627584833,2.1774743388622304,52.11821193808046,0
Type B,290.22126559574207,301.80051068032645,1828.8091571860703,50.27604361401174,37,4290.0110986118325,2.5018946336431034,52.23457570541693,0
Type C,304.5893264281997,309.73065311896545,1799.7926171693016,28.985857888192164,175,3922.9807383568254,2.159631895653393,48.550915287090724,0
Type C,292.40772564294633,305.26418063715954,1801.3851411200717,29.58878532607394,234,2792.362568900703,2.365877055067313,48.63125002332311,0
Type B,309.887591489727,315.15255510148626,1240.7515238353203,29.757747289019576,56,3041.449240574093,1.7946369950135934,54.995758351575994,0
Type B,307.16869187888716,323.7396290866377,1620.658874863944,36.39672412574013,3,3265.3819614791023,2.794395757248395,55.14487188972453,0
Type A,302.0291983314288,305.16616519391556,1348.117739761146,27.714097840881536,90,4985.956554475849,2.605171125186355,43.78351313141185,0
Type A,301.10062990405333,306.73041282251967,1087.7334171602004,39.51428511200729,67,2677.695319543558,1.5300806955375092,71.05453726328105,0
Type B,298.53677420780804,310.20625741993535,1428.132216986041,38.34509805369133,237,2780.2393350493458,3.0957499961211563,53.18338199985857,0
Type A,304.7496676598002,321.40660066579073,1831.1842414068128,32.1348488600092,111,2371.415848382849,2.394227224207302,55.45928594052032,0
Type A,297.4045528137656,308.66472495823024,1615.1855025296159,48.737662540561956,165,2017.9605205638152,2.597057437741546,50.6163379661059,0
Type A,301.64898909447925,313.90042077520883,2004.452342901473,39.40499471713263,245,3807.0036236254946,2.9587370032175113,53.13093322635716,0
Type C,306.10354056563614,316.17368817232835,1544.3075363170278,50.62647364031804,197,3702.9033310732098,2.6969453454159904,52.49485322129054,0
Type B,296.0673541953209,301.9617603788601,2111.9506883982267,38.04950148795568,187,4782.761852835352,3.19912189507654,54.97948701922318,0
Type C,295.68665082006515,303.7260974271076,1544.3803063792627,39.758051117686456,242,4541.409007726929,2.3240226866767535,54.8978706270032,0
Type B,291.6394416349288,296.7918027550037,1505.620074038434,34.37217595318289,172,5897.116714531809,3.120657631736224,60.634064439787494,0
Type A,292.5486907771168,297.4338509060093,1180.152478019626,39.929534594645155,57,3426.127232458904,2.5737547706843924,56.590539559691436,0
Type B,287.2012328199095,298.80822849718845,1777.640685073192,47.12231306132046,181,3239.470436203793,2.8045800547040147,59.92998114279652,0
Type A,305.1088015231087,310.61608959475683,1374.4687177648802,35.88665767729702,80,2199.7736548666408,2.7421775036787426,54.93132424736196,0
Type C,312.6624017945794,323.94061782147287,1338.2380901478182,45.18411962534664,82,4196.578167476326,3.2444381951857153,56.618767885741235,0
Type A,309.97730260429216,314.77001159540777,1820.307640940643,31.87253038954259,161,3618.534241446339,2.932847424135576,53.3108602212171,0
Type B,288.6174085796144,299.8029406600814,1789.5556671989893,47.590505655222096,78,4151.266305010683,2.234232711814092,62.02178214036354,0
Type C,305.0739827008934,313.11925242504157,1783.0128418026698,34.20094172688073,6,2360.8757807616003,2.1152397736000914,57.25835700661147,0
Type B,309.9547444494649,325.5812065840675,1409.4522164862547,48.5167987322905,249,3851.6041890266997,2.4701475114431,53.89347601840969,1
Type B,296.80233013482933,308.0972057171456,1487.2560336736872,40.60976542433665,142,3705.199617953942,2.043939135352452,53.68462905814076,0
Type B,300.71013201455037,315.6532635865269,1485.036400576037,55.20953733391063,167,3639.0350398936866,1.8686846792041916,54.23532461127102,0
Type C,285.9447486443673,292.9221617786665,1695.6295451680994,28.45932273745791,202,2816.734091809476,1.2231685184211751,55.21310746573922,0
Type A,301.8671531758365,312.09172653681316,1888.3911671235574,25.23823226688132,158,4689.324648553398,1.5704423453027738,54.60547229146756,0
Type B,292.555081893957,298.63073326149186,1592.0366387996016,33.837827540244334,152,5550.307578978011,3.6912438166669146,51.08810841352048,0
Type C,301.3974451253806,309.7430241544029,1993.7227713393395,26.15389051965687,197,2389.6559737023845,2.1060998502221335,60.35430388687783,0
Type B,289.07157954467783,298.02316265369933,1724.2986045082653,26.172651055717225,73,4220.443979592958,3.642076179892687,60.79653194783719,0
Type B,303.80000757134314,310.89657468859457,1441.3001514713953,46.215507604598756,207,622.149848659611,2.741892760693348,67.48699786530523,0
Type A,307.17158872798683,312.30957729260405,1707.1778515322437,39.95821206587342,181,4168.609949482458,2.470145187018337,50.77459202548667,0
Type A,294.5177409679938,298.8636716733832,1926.4850696771932,35.20319023295741,45,1629.8453834582451,1.59963692990726,59.66507107606474,0
Type C,292.041541930127,292.6825494672974,1999.5722458353337,36.13037402694568,36,2975.032652100742,2.5028013373456295,41.636038786021224,0
Type B,284.9078387021501,290.6824528481363,1796.72283614977,34.027623356736605,219,2186.9753382457493,3.6353102601809377,60.80330145515321,0
Type A,298.13510526147377,310.6450808481612,1506.4186134144998,56.503691678190435,223,3284.388505050604,3.434582046410043,44.803925194949706,0
Type B,295.92884246002876,299.53484833197564,1445.82668648602,32.64494292356963,248,4338.793698367828,2.6645431916185474,48.109682274994,0
Type B,289.14286411356363,293.67037272855043,1644.0173758903477,26.778661019167007,25,1642.6867362729772,1.8107989804569904,57.32557730311073,0
Type B,303.1711312941852,320.3347255791169,1918.4936238177615,47.960506174863276,223,3140.5203104843613,1.9257007928505088,50.64950675204381,0
Type C,296.85020732694744,304.30422312755445,1608.4422805536128,37.84244376652179,215,2986.6312311839433,1.9884448939645238,49.69152542997963,0
Type A,292.46984828948337,303.7540323261427,1613.6329679672026,60.38773688817885,191,5081.048683871874,3.26689295641762,51.60628784251158,0
Type B,296.11799316051685,308.6872617465188,1512.849463579273,34.73794361205864,124,3931.7610078502853,3.4790322616652554,60.10738194342968,0
Type B,307.4991317725073,320.14923629163246,1418.0272343421968,48.45984179756792,127,2322.782886726577,2.617535700980551,48.4697672250758,0
Type C,304.22055860628655,308.1313016838543,1459.4663733390205,50.821973305993055,107,3028.7056209696,2.3181517386861077,54.620915950442246,0
Type A,299.08981756951056,308.1655788499126,1533.8564963113824,34.786641677979965,7,5056.104238385531,3.42922629799659,52.34940600822465,0
Type A,304.33373512925397,307.8608260511804,1929.5249990599555,32.57079232090964,125,4214.365316774024,1.9128558754810272,60.7392353993031,0
Type B,291.87361630529284,311.6588877409341,1440.0715553672997,47.413665309309046,59,2581.7665375945785,2.5310939965602195,60.9354522785799,0
Type B,300.2265907050892,303.8470896490268,1513.1530189778452,45.74891917913931,50,3232.929461616911,2.7777795997276784,42.153027417947214,0
Type C,301.0312563134053,306.83989543792603,1283.6555848983728,25.893898992890733,13,3264.890851591852,1.9823196356941604,62.31576593135021,0
Type B,296.7111444405089,302.5487410211429,1679.1577666182889,28.71564363695279,114,2962.0180728441946,2.1184514671652157,50.72470865478832,0
Type C,303.04820835170193,307.0615664448104,1841.6697946795707,14.635699950519946,11,1789.7878436783103,2.071757452487438,56.65404539017672,0
Type B,294.53696581748886,309.94734145651506,1906.124461489189,45.953868539788026,212,2822.3782846100316,3.3500361135928514,48.427638817316925,0
Type A,303.5687449544328,323.2585365587668,1550.8411311739276,37.381728068642545,222,4889.199305865374,3.648620366234253,57.597942218968484,0
Type A,303.863011400719,311.9600149234685,1643.5885708198089,38.37849579024718,200,3118.8555129388246,2.5688755181419367,72.85944267534771,0
Type C,279.57988083512055,284.2981882477429,1461.6124194574904,23.085559022981467,75,3396.746369539081,2.3390688477743278,55.890158928995234,0
Type A,308.3321399245708,309.3844379296667,1632.0046699236307,29.018976469106736,40,3640.525646853574,2.1400953550040223,51.7810659764755,0
Type C,278.66657204253073,287.69013716844233,1578.4912881248035,35.22041087432434,126,5718.1413947121255,2.5010477880701973,53.37487135727121,0
Type A,295.6876568211071,304.42219512846134,1514.5660968128718,33.27674399852179,168,3508.8747714169613,2.1698669491379263,44.71679029933386,0
Type A,307.1774362398043,314.5722517343637,1534.4384230692824,41.178360755176314,5,4593.945353583511,2.4417818545868677,65.14274300315121,0
Type A,297.7789929232329,308.66449393913786,1612.9805708484123,45.83468126631814,214,2901.8198279488033,2.747939693802354,57.190181753176276,0
Type B,289.7366981227132,301.31739069397514,1426.461891288609,62.69612569285197,109,3240.6007394975086,2.2568122343257793,47.65771465591507,0
Type B,292.3438405679833,303.6361735997349,1439.3758019804916,39.79982969969075,204,3512.552723110285,2.3862471624315416,47.88577196909873,0
Type C,307.1883402242443,315.9238407363704,1926.8405034178884,51.154026630969454,19,2725.8670581506153,2.388727308956617,55.10697665404178,0
Type B,286.54946828615954,292.1429809678625,2177.636692211596,31.700272230202252,106,3296.2822193970424,2.3094619391643167,61.52396775336941,0
Type B,307.9029377067341,320.56627009796097,1198.9082628664892,23.25053685024644,114,4388.0509358132695,2.2351312737902735,46.9430706388412,0
Type B,299.61428530670395,309.6643403443901,1185.1321989059852,36.47698353289876,12,2699.6354389081166,2.9573179617620835,62.7938653930702,0
Type C,291.653232686903,305.20666278624157,1260.7117930479626,24.022782821257586,176,3500.0890309636384,1.4375583826141345,54.35856513630168,0
Type B,295.9181944938812,309.0784966917701,1474.1778962403612,40.14673167169103,232,4208.733551655932,3.444567915400758,48.488296304950325,0
Type A,292.8794296122885,297.1923813361,1723.9451277593143,32.195458754913346,135,2675.5339511872553,2.581317677921798,51.726167013989155,0
Type B,306.0635764060097,310.32668757617927,1647.8132355120679,20.457286132454144,98,4595.413792614956,2.8660105455919087,67.23987713990797,0
Type C,305.1269946683399,312.10483179337774,1543.007784195117,57.36025145860177,159,3572.8834797113227,2.935046669889325,45.28250664418264,0
Type A,287.9658720628677,293.740810429705,1632.2338867394747,34.6243828689462,90,3334.8774366607104,2.0751645039816573,49.87674930837697,0
Type C,297.17485517036465,310.1958622742691,1326.9784608429077,23.62380697055802,89,1491.8521941997853,1.9513848662924551,61.66808509244444,0
Type B,293.95770036359005,305.36293906754173,1438.9693070618453,48.9817179050729,189,3126.387557986526,1.8806384292077039,56.51519930417545,0
Type B,309.05456977921557,323.45130575435684,1494.9763629060508,32.71385637460715,147,3871.592416145303,2.351759182102847,49.46131427219363,0
Type A,290.54930617311504,302.1352534427587,1103.9459152820368,50.901660336906616,65,5245.345018802467,2.9195228149306174,61.75355265455376,0
Type C,311.2296037327951,322.0642020602886,1209.6724488193508,32.666056653219506,101,4067.8891541116127,2.1497427848675055,62.08607013218427,0
Type A,299.76693682338146,314.56585594475814,1219.6084846805852,34.59102309737203,208,4626.216231778349,2.8647589841069827,57.31973467962657,0
Type A,291.8664591553394,303.74536851427956,1691.0270559209437,43.448317094770466,132,2290.8954263780615,1.0792472686832808,50.7132238869154,0
Type B,295.25908071193504,305.5314845656859,1561.338737143104,45.9321938070411,19,3373.1775043470457,2.26865967881485,51.79186766115949,0
Type B,294.3886681146208,310.3104802503436,1652.7653000184857,47.68483737340598,214,4720.746442328864,3.2002824205669373,56.99273245708879,0
Type B,291.07767118589146,301.5383947185026,1040.086252549384,39.10258861270671,185,2612.266449600077,2.3974172265802385,45.81649657150634,0
Type A,300.66378801811265,309.44642559844095,1129.1083284870992,45.28616721554583,66,4465.2226289731025,2.0025138183003,64.29449416793179,0
Type A,291.4045911451571,298.0532981100465,1665.803860064124,47.4562860692342,241,4233.3178646003325,2.105894066717442,66.90146362073087,0
Type A,284.7374365388327,297.5495383750143,805.3325895834873,42.0056913856685,237,3774.7236484498203,0.6831864621590718,53.348316051118104,0
Type B,297.3422647040628,312.29046687143267,1806.157339399951,38.57341886735704,248,3171.297374864025,1.8929188177528475,57.49273144701565,0
Type B,287.3800066250748,297.1776570193411,1044.1707141193024,25.5470505176887,94,2513.704845427565,3.1343448235075493,63.30061429994528,0
Type B,294.73487392352735,309.9665364186467,1710.8362229812446,45.99174156779989,230,5275.379294103313,2.1504383398622613,68.68892586997381,0
Type B,293.6362797797765,295.7562196518902,1277.8538438107594,40.42173699141151,201,4131.86251772403,2.221273382799265,65.89886934843489,0
Type C,293.9014874958193,303.67967399658767,1762.2259287928955,35.86384147649292,217,3840.616124675449,1.1009126877781552,42.85123740648845,0
Type B,314.0067417111311,323.84636206271335,2302.0402284791235,52.777663635916596,136,3087.1502517977488,1.5214973241324627,52.79112418170737,0
Type B,300.394880970187,307.4869034805576,931.7055924697186,25.721663670866842,69,3537.8716295899776,3.2140295071598515,58.50481776038254,0
Type B,301.71759706296734,321.25304121489484,1673.8442869651622,56.44036315364886,56,3664.7172699700327,2.8703764483969367,51.54047892168648,0
Type B,287.56521192560393,297.3004413948489,1047.959321601565,39.77726721365534,241,3899.8756847335726,1.7215365811363412,67.47936721528255,0
Type B,295.42225806454155,303.7913349781238,1606.692230554376,43.17518178502898,125,4234.340288471934,2.121656565056068,66.40562620961843,0
Type A,301.5071184095906,311.6109668633246,1448.3069591120266,36.049558854697295,231,2717.5284741449086,2.48249659420073,49.288489011188894,0
Type A,292.82829760960897,294.81704265550565,1532.4455806154608,23.3292708747667,138,2033.4030345129956,1.7823233607059463,53.86319986065993,0
Type C,306.3564399046259,313.31696820324623,1272.0784309179408,38.6039010153422,133,3584.2808512734973,1.2975136698918395,49.75312104667254,0
Type B,291.5811238986928,305.5140837764744,1695.135277374125,43.34744906892793,18,1752.7826626752383,2.404473767536339,53.634100891256814,0
Type B,297.99543704894376,305.47965562921263,1137.9105405074047,46.76225446402594,100,3176.339005006362,2.8435651373039446,53.421973554666316,0
Type A,295.8976385201711,302.58213786897,1810.409315724685,38.01966801561099,139,2990.8101698882374,2.855114391837972,61.67980540322801,0
Type B,301.1502446156734,316.38834716173096,1397.6874233474543,18.07460158795582,27,3991.748192201669,3.0251424313252877,48.780747353863156,0
Type B,295.51656949701203,310.87758710081937,1149.3273306492276,24.583386554173746,40,5482.597035486309,1.5678656429321058,36.68275276530966,0
Type B,298.10374461050344,310.171706499148,1898.7342058351746,60.52019623763294,147,1555.409376096439,2.5347411458961635,43.76819842435626,0
Type B,298.3470893575541,306.5266200213995,1483.1643367977117,29.074640162278843,62,5774.185030318401,2.338929181462527,47.80188871105289,0
Type B,294.8592856982609,303.90140143779564,1976.9089926105066,54.27049458239208,175,3266.924840880974,2.4476675887016843,50.4101588770205,0
Type C,303.3956570794798,310.17905723317995,1805.3390323283356,30.659132625824043,115,3847.80868217258,2.3729310198195175,56.310220804306496,0
Type B,301.668718623862,307.6896261477474,1300.4635738033912,38.17544090272133,100,2085.1678423762833,2.1037310916354905,47.441442661297984,0
Type C,299.3797023832278,305.2020364299941,1478.7525497658128,46.25208259599904,29,4496.871570226321,0.6893257274706373,46.52229586818048,0
Type C,296.9867916657663,304.5145740386255,1530.2594849158936,31.798055534191263,101,3541.472536351724,3.197097412342404,48.49386807643523,0
Type B,305.57580821363996,311.436924250901,1881.57579999661,55.92215135759054,135,3438.532588811713,2.6979940992850535,47.19042199188153,0
Type C,298.3491602933007,302.0943398191281,1609.3794283417787,40.75728358068411,143,1562.6148850970462,1.6094261274780957,51.118543789930484,0
Type A,297.85311898521843,308.73072966423405,1544.073155274115,44.608508462996696,67,3573.7968138474275,2.7838789917956532,50.81898822873454,0
Type C,300.7328302092169,311.67121253279066,1450.030103225423,37.32392991980874,6,4345.828323816574,2.231617115799118,59.82339771881668,0
Type C,311.87610678079596,328.67927781450925,1487.3607410363402,46.587202870170906,233,3263.7213645168113,2.248616610149362,48.07329430451264,0
Type B,290.61750654385156,297.9441530704328,1826.148021419581,55.787927398498624,239,4674.1993456441505,2.0389512391065803,52.4968236016916,0
Type C,305.3889982513875,316.57340060988054,1500.9263376993686,38.68714062376786,226,4632.895171891362,2.822158283591359,51.18484124058262,0
Type B,286.74780187133325,297.99865218843246,1401.2506821754564,57.29712790749237,72,2858.904617259152,2.0201058570902806,60.66219483226297,0
Type A,301.5209121076004,310.50556186309825,1358.8732085965783,33.88404191620882,150,5095.113858797393,1.84189918834564,53.92004506787607,0
Type C,311.0255797932611,324.00291414825983,1361.5587115409594,47.6409603935171,35,3545.294964325082,3.1790468863635972,62.35487706379436,0
Type A,303.42067967127116,316.521596418674,1149.4760009893087,44.8911433624305,226,3549.7452507878306,2.392671154139965,46.93340876796634,0
Type A,301.19437554977856,312.5040199305687,1312.4061729183802,29.314179273176308,1,3598.981222602731,2.4115081660046753,54.65443374095626,0
Type B,296.07685371837846,305.05429489818727,1874.6050689125807,42.13809704637332,117,3569.3157509411258,2.915478472165999,50.96876288079047,0
Type C,300.2173304034199,308.78720996920174,1448.3501848581259,40.07365937850373,214,869.8666433414915,2.099447979492294,46.41767731480077,0
Type B,298.2355602921765,302.76454469698825,1676.1029171390246,31.46807823723155,181,3314.4936018102794,2.2191080964118686,54.5274227131046,0
Type B,294.4981637444805,301.2744926300097,880.3108705247914,43.58002434194127,215,2136.0535283375457,2.6834291618337014,67.13049430764656,1
Type A,297.9708706916759,305.48284059606914,1642.0778272414698,41.462895461085175,124,5126.335702215676,1.5751734385217406,49.02963837951707,0
Type A,301.38866812438505,306.8927810746673,1459.6618239077216,39.274130526927834,23,5086.0829917212,2.632659428060929,54.10781512713564,0
Type A,294.62948052028554,306.3891763870362,1379.6399942773728,39.31422530941315,1,4351.938332455587,2.0465731244911796,45.81437866285214,0
Type A,294.3560272552072,309.14253873115524,1545.239989355283,39.09989741076381,38,3261.5325626611116,3.0132835554730892,44.785405596671936,0
Type C,290.4782959368548,296.8460462075382,1376.043686546993,36.32300378753673,14,2491.9850633963015,2.8279979961099455,49.48923369459969,0
Type C,302.73507518262227,313.8688409256008,969.031270027911,41.398340950149816,111,2842.4189987243954,2.748729014185018,51.85011891859573,0
Type C,303.8172628337694,309.68081827565055,1730.5619852929844,33.56085787636219,12,5442.6419064260335,1.5358248108672659,52.16091871348195,0
Type A,301.6216231096556,310.40193442589896,1560.7543903370483,66.5680949147,46,2807.8026134800393,2.437962762895708,53.41782489444542,0
Type A,306.75619344910064,313.99487513238955,1421.514386313037,25.906667545346842,104,1144.4046456139363,1.7936400637514336,43.46167151507641,0
Type A,300.6150734595651,313.0226560539909,1258.4536569818906,34.15263922765541,183,4530.165508485394,2.4778816582137844,50.618376519451196,0
Type B,302.7440765615603,310.0289238661916,1132.5356209732163,34.94257895423059,168,5000.503113617893,1.1108321938661567,58.512309313825725,0
Type B,302.12686197946294,316.17350363428955,1555.9731767670144,60.40493414324537,14,5159.215687166522,1.5755006389748545,45.49228448973824,0
Type B,299.35921986407254,308.37633676942374,1903.3602400563398,26.798653500225008,225,4538.348004249328,3.213420165304113,52.513980136084506,0
Type A,296.2842472030925,303.6858323647132,1550.7916191852596,44.2592229798611,137,4701.519677234781,2.721431905603936,57.049906319566475,0
Type C,315.4990683105434,320.48584726116275,1154.3095984767936,42.4839406504654,87,3552.9340740535417,2.2877104915122,49.52413154583431,0
Type A,296.83634314102545,307.84916118220684,1556.2791817596005,43.33602304674548,95,1423.7043765083367,1.9547540063882665,57.39067077312593,0
Type A,295.33885602215696,308.91972963106167,1486.664259438318,52.3634316261094,212,3527.8810415000135,1.849447649447744,44.35211604430478,0
Type C,303.03806876415075,314.13135379029825,1716.0109065185575,52.15829359747089,116,4121.572772419417,2.6200934530531153,61.21914701052544,0
Type C,301.762980907065,320.7183075727227,1651.6832943529316,35.490431734798825,61,3364.7299434337497,2.2938206142445923,57.56060513165587,0
Type A,290.1664591667277,305.8856089766094,753.5443664725191,41.94017449493991,106,3319.163881260385,3.427988309990366,55.38965782456627,0
Type B,307.8587477819462,316.6286367230781,1636.3105511071142,21.358979678478562,17,2535.881960981678,2.38914176799379,62.873726184140885,0
Type C,299.3406379725442,308.0685282373159,1249.1301476239792,40.99093008521929,38,2498.261256727974,2.53523229534672,52.6945565853437,0
Type C,292.22348233349,304.1022692114314,1144.5678146378252,32.06010572168081,78,5338.14851476607,1.6668979191667774,50.675007212766616,0
Type C,308.32148880047714,314.9694120787744,1452.881647406609,38.13617574039483,55,5374.346369880142,2.283580464893716,64.60780998868073,0
Type B,304.3797290011731,319.04488222730305,1602.742777257503,23.14628135183305,87,3497.3528687538965,2.6061948430407917,67.88536061564356,0
Type B,291.1482060563646,302.5946081437389,1089.816347428294,44.048722867190754,16,3781.523605092927,2.276328573272088,50.14593605717566,0
Type C,312.4402798818041,323.4661155252382,1676.1441042643878,23.034313044243923,152,2519.1419429629814,2.2086228798554606,54.203797340245295,0
Type A,304.61158157856335,317.35939624964664,1690.8347118829,41.482846067915865,28,4142.574849939454,2.6961457753691938,62.31529780283018,0
Type A,299.9286271906247,316.81994672410093,1511.7440490748745,27.734944069774507,54,5259.6491716142,3.4088939689365936,54.45298498732459,0
Type B,311.13153163935243,321.81535304810245,1283.094092443238,31.503589648641153,244,1970.7692200553067,2.5869816221846964,59.16211956116589,0
Type C,301.11508448680746,310.6629230033219,1255.155498952677,51.54732102545162,1,3963.8832997023937,3.1865117700838828,60.462825182418676,0
Type A,299.8034184742718,315.8382969675621,1756.4830328950568,45.87917945913622,69,4039.02224264504,2.8729614265112695,51.063867971104195,0
Type B,295.3778991878461,309.24810085181065,1122.1943283760238,51.49203137670543,125,4027.6065148892576,3.1506120248007106,57.93492264380181,0
Type B,304.07295307514954,312.78903371361463,1766.1176152047947,55.597271325012905,76,5142.817667848469,2.134168045992017,54.956651138430445,0
Type B,303.33622077126785,313.3569665659039,1458.7002102173908,32.27161292860235,80,5536.018212171152,2.3758435030093588,46.48191984624366,0
Type C,300.102760979228,310.8842846429832,1476.0413750892858,54.989716624408715,31,3266.516322127338,2.378335857541201,48.072431475001196,0
Type A,294.4700955229268,305.9173473013467,1072.9780736466687,25.344943438210983,105,4173.1736721563575,2.8277663419383856,50.43308152922542,0
Type C,300.9095089791625,305.48310957540605,1463.3208424678533,47.46100334544903,188,3584.2337057260593,2.9754476933271183,61.49963895561823,0
Type B,299.51140849966504,303.3414700684588,1653.396379002844,35.066622854000286,146,2867.884707060304,2.5750337146671347,61.72950713619329,0
Type C,290.66567976886057,297.1161196808508,1165.8974780370047,30.696998573606834,231,3770.8141568810147,3.0260239464255183,60.249390428251324,0
Type B,289.6973135407307,295.83835976868534,1624.6589668129614,46.144698673044424,174,4171.499528500248,2.162001113811176,58.08077492285933,0
Type A,303.95607365166836,311.38077759577834,1522.2530634197556,49.449515251692134,197,3716.9286854169854,3.031226531739475,57.889784150095075,0
Type C,281.78678179463816,294.32562436299816,1339.0610965419232,49.15268386646545,107,2618.8187905138825,3.109485665311521,56.942923146883814,0
Type C,301.4378736887288,310.76215706342987,1713.668271622826,42.14859888894792,153,3036.4393601443226,2.906497807554798,57.85317938795144,0
Type A,296.6534185957232,307.43899701576396,949.435807755361,41.31957301329239,144,3044.0925798253425,2.5805018700887277,58.327538085649415,0
Type C,309.15772624815935,314.2605126079903,1586.6701871859273,45.26866585699902,203,2657.5560450692956,2.9279939994429798,45.16904483990833,0
Type C,296.5457225359229,304.6991537242391,1904.858789518323,43.03764075517191,125,3813.539581605669,1.9635973208569062,49.46826997839033,0
Type B,304.6163894997633,316.96542014674264,1859.9857847751655,45.4135583958598,101,3918.1120962930777,2.619017358616125,47.7975486286257,0
Type C,297.22160311133547,309.6014129440427,1597.4516801346306,42.03999461110714,17,4479.517600887196,2.6803062860950733,62.75001505357806,0
Type B,300.796237074403,307.89794176165134,1424.5798059672886,48.42783824506364,214,2642.377651839369,1.7022906021091089,66.57870072508528,0
Type B,305.15785571644034,315.8045052619585,1341.0493608630923,23.727921934495722,108,2922.5213137712067,2.7847505517637123,39.81666455711478,0
Type A,296.76210998572793,315.55750139965727,1424.2685515235894,38.68726524913614,199,5054.569451931238,1.750708764590911,65.95370228310162,0
Type C,306.97588419148883,316.90549247446626,1635.9518119794766,26.16153506154414,169,3335.50413592708,2.2432490212543414,55.60704961472071,0
Type A,293.04411486025464,300.27136707568485,1298.189048635146,42.767020176048845,0,3530.131029251634,2.523856575565779,62.089038734110915,0
Type C,302.0621498979086,311.36710034045996,1689.3559545125952,56.419301758536974,162,3324.8962786043508,2.061558169220316,58.54527008209428,0
Type B,306.45847805951496,316.8271864896223,2033.290129500831,35.259152180530315,121,4633.030818721643,2.5495324231721908,65.08276537519944,0
Type B,304.62026244253235,314.01558891977015,1484.5291912181513,41.272520302972154,59,4671.808680715029,2.539934194261732,56.46819703350247,0
Type A,313.4151141371479,323.2896953344419,1163.9012991791737,47.56486714921639,66,4613.208100588848,2.0078910163846952,45.455818788309585,0
Type C,294.65592477882535,298.882137591078,1163.8138134208968,19.322770682334752,159,3526.567611357548,2.8407846752945987,54.26027581358753,0
Type A,290.3459552405599,296.4954333402161,1694.141387927894,34.77889517855812,21,2627.5640225109983,2.041506098016261,58.60959232274764,0
Type B,293.03965424053416,302.4423132922482,1485.063455259889,43.645156592728505,151,5425.213077759255,3.8727846248408166,53.48827228925949,0
Type C,304.62309796583907,313.9620260857493,1719.2077240160133,11.030052743427248,211,4356.308976955517,2.434312706001637,59.60412205506869,0
Type C,303.48546053988565,311.2207034404457,1366.5914377101626,30.231915069250284,21,3043.3410186076103,1.7972235130059806,54.54011827951689,0
Type C,300.7157966175319,310.00774227322614,1707.655886884958,51.008579733812894,1,4923.818846944411,1.9093949402717367,50.83143476619591,0
Type C,292.1393006562501,302.3833600779069,1460.4252066375686,50.02996900450725,15,2964.391084740905,3.1885482788189807,47.39815131681922,0
Type B,305.3680710533034,318.9257248794015,1316.8739861690128,43.743182273701,182,4910.703403188656,2.2545090101689276,52.257292322266586,0
Type A,291.4270665564462,301.030219615542,1399.7503802994038,48.821976399431776,211,4978.2845893844915,1.681741715302019,56.43200154790229,0
Type C,308.1126470766383,319.70905989783137,1200.736411144191,42.15104234421464,247,2578.517228318944,3.01222764827666,41.284257370208344,0
Type C,320.00206896197903,327.83566775624337,1997.3398896454028,45.553949074423144,7,4081.7583030209607,2.2506556673331506,49.539465124994834,0
Type C,302.56515802600086,314.8535409203948,1475.9045466103782,36.84346291159386,120,4282.190703961329,2.8920517066716105,41.02315568657921,0
Type B,304.0817569496042,315.5846781400536,1661.1285221705489,41.158126829220926,12,6114.909199586332,3.0613396153936763,50.68047602215372,0
Type A,296.5499816177311,310.01324963045033,1365.7827167823002,33.676296135841774,92,2757.698882366143,2.664678123285127,63.38120314001056,0
Type B,287.3285067523923,300.18234860217024,1237.0180445050441,52.63483344182313,76,4932.543276993829,3.9375444374111996,46.697185327898154,0
Type B,295.78096445878845,308.13590695031303,1441.5298722705163,55.21559409502202,151,3517.346018033554,1.4651545042400658,59.92211822102931,0
Type C,292.34973331230873,301.9560636776776,1775.2981333447997,53.79912800697073,227,2258.6358164194307,2.009229954836915,74.94177589118624,0
Type B,289.8709679650949,300.8507248732728,1369.8170521504292,35.918912383221375,201,3380.012830165713,2.3464299972376255,65.17476691880145,0
Type A,312.05651959396954,326.31055530777564,1282.3670068176461,30.462259606349125,15,3502.464761099707,3.856704117164873,55.934593662738486,0
Type A,301.9100376261804,309.3017393485692,1538.866061092286,52.76973660750163,60,2441.109806884711,3.578801482061327,61.00904119057538,0
Type C,302.6578130642979,310.1441819495104,1624.755650179436,45.43907202591413,68,3812.1736188515297,3.2732145204363494,45.41222038294246,0
Type C,297.83684344362626,308.5625690354277,1910.7120422132957,43.28584341523643,62,4457.8092554985815,2.023525635552454,43.98609742612612,0
Type A,298.7899024228959,310.4510211839577,1588.4376195931236,33.663679150548546,88,3738.2006540620123,2.093491156137742,55.20088676355576,0
Type B,306.7518547756753,313.4554287786193,1660.9981696328086,44.25663812636765,151,2958.1559106201234,2.0028639789157276,57.79027394427888,0
Type B,299.7736401691335,309.4745899154803,1679.8188092300804,29.147219403380653,184,3351.527931593034,2.0299438671755423,62.660829989744684,0
Type B,303.7148575661731,313.338862469258,1211.7461545168424,46.34062356079032,234,3495.456643206549,3.3956227643655845,51.018665010190794,0
Type C,298.62796991508486,299.76684945267095,1259.166982382614,53.788866996062104,175,3717.321627481049,2.3537397259624937,56.35376839053152,0
Type A,297.6049297648757,306.7265538078407,1229.0259275985875,56.31045543907952,74,4609.830762240032,2.4331011012136345,56.113780895870825,0
Type A,290.15160084078695,299.5223295093931,1166.9635610770886,47.08524054109816,46,3771.9397533860893,2.9646320721540587,54.08024126096473,0
Type A,286.1557565634301,295.514584792138,1698.864968717601,26.17978450378878,94,2097.30337137029,1.5018832155796153,54.49267586706199,0
Type A,298.1690666925352,313.8327237908443,1572.512522915939,41.97330130946022,199,2937.6789280113085,2.5315874927614836,49.017068481523076,0
Type C,300.3954768439526,305.53228364991713,1519.8740157728623,61.39681744057713,248,3666.0210508966366,1.8418769627962477,56.95795185869474,0
Type C,290.9970897430385,297.69859945822003,851.8208711494328,31.31388409557716,98,4624.1244849541135,2.323351047665009,56.365349861365544,0
Type A,299.75867594475756,299.3098927514802,2013.8692146546546,39.40818427089783,44,4797.8464415365515,2.1481475836244726,51.91991763830775,0
Type B,300.37626794093353,308.452601276237,1276.431998961611,54.13524351800977,1,5274.685341587456,2.117211552381246,59.66041986216497,0
Type A,284.90794395758434,293.32536974108035,2012.9531889847394,46.17133922073585,19,3630.6143975793048,2.6353490840238187,62.194821119026074,0
Type A,293.59412738364347,301.5542186783064,1137.689629837171,64.80156324485105,159,4263.309175502493,2.6327280414355068,59.74163407182824,0
Type A,302.85084725614826,317.2815566140833,1296.8997103608658,32.671306167714114,147,2045.5384655970306,2.368107646459609,47.70289675957493,0
Type A,302.7094111057702,316.15188119511805,949.2876543725926,30.10244214259178,160,3929.881573161483,2.722410605794694,55.69752036803394,0
Type B,291.92427558520166,302.2357024822709,1590.5312439856743,52.24125435835174,6,2424.7358985391384,1.9788312754878705,48.61997905995583,0
Type C,301.1091363534982,309.62668413933875,1224.6857947971919,28.04121371728464,109,3437.46080424525,2.9089515214236563,55.67588322409883,0
Type B,307.1568505775233,321.26160924995077,1231.7499614754115,38.03232011182464,45,6529.838388872142,2.3762805867054366,48.6472431208606,0
Type C,305.4395107129363,315.3604792735929,1156.8714457064007,39.34353455140423,84,3803.55423619043,2.2098018627172618,63.9401433614835,0
Type B,299.33299949090247,306.05991933522864,1694.3387656844657,50.35989473385922,155,2636.186780819671,2.023144712978211,60.483320283138895,0
Type A,296.72416580672996,299.8591710967917,1677.8659128918869,46.14267968025247,68,3907.7890059579054,2.3551615237199908,63.07092513739673,0
Type A,295.59458860965844,303.8293306340757,1953.0084727696963,44.57064914176863,164,2982.9248134106456,3.6223835541075537,62.36205463136847,0
Type A,303.2747384803676,316.293312949058,1328.5733447317566,35.975691220983336,72,2539.2558868424485,2.4620117379384463,53.10580201898435,0
Type A,301.3657278120002,320.47188257017257,1554.7048427617,52.15004019081943,127,5603.1395333905,1.8133578783139366,52.02073179530802,0
Type C,304.4058280427154,314.65226942747336,1177.6662006495121,80.25824042727265,114,4566.812026266753,3.0512914400710276,67.19206680090107,0
Type C,300.92311669184807,307.86169463136684,1416.2402443161704,46.91282098922916,95,3845.536624995745,2.2168429385249473,53.84416244879309,0
Type C,305.7313476524321,310.99148681929523,1370.2886716797057,40.99672207546836,31,3108.176709752459,2.6702554026114824,45.517935502696005,0
Type B,300.6621477307039,312.8699673159263,1616.1124893738552,27.021370290078394,144,3189.210517027801,2.136603669744053,62.05226713566078,0
Type B,305.4928210129218,308.43435680338473,1754.2554516045477,33.625185506828466,247,5042.48186684415,3.268463989685902,56.00642967784604,0
Type B,306.0957593925665,318.29713979818604,1747.766672707875,37.86289766052696,160,3806.577537664568,2.145544146012422,65.54160886785287,0
Type B,294.3683135884263,307.639160013478,1289.2969319455974,34.653997597328676,186,417.1948570511868,3.3387147871465217,56.70078774586594,0
Type C,287.34299167190477,299.08810948483625,1749.6169761557499,39.83922165473152,200,5920.938515658837,1.8704436492827283,54.85998958857301,0
Type C,310.80444999210187,319.92580330434765,1488.9787157230508,57.780160768072875,9,3683.062356972285,2.324256168570712,65.68284566142283,0
Type C,301.7966111149858,314.05637372917306,1418.8507760257462,52.47166917369234,198,3843.3690057348167,3.339997471544069,44.23073558474109,0
Type B,287.9985987315271,298.68235221604033,1322.8721282952704,38.41167283531746,60,4586.694813434797,2.6009045348688034,50.90246386777895,0
Type A,295.00326351946904,301.8907681520267,1360.016051409612,27.917200553341395,166,3965.402827311587,3.8628795650833796,48.788459197013545,0
Type C,305.4031200465888,322.8047693360889,1935.5784615490584,53.37367642902413,245,4246.90861771681,2.3385157304571895,39.63444154998701,0
Type B,298.04226218206975,306.6355446636277,1576.852691623506,39.50945726538635,223,3076.2765326350755,2.6542257117764043,61.11223499611622,0
Type C,296.4155700647661,309.5185792665657,1543.6529618753011,22.734995743976448,103,2270.2046760336134,3.6430895632292906,51.09807110211943,0
Type B,309.80617302219076,310.1317158914079,1434.4382853657632,47.12430118493036,209,3780.2327814731966,1.591646069954639,61.33757629152602,0
Type C,292.6689899753133,307.774873506437,2111.4946528595074,50.25686684233465,154,4931.61465227459,1.5173499800910775,57.72360543864223,0
Type B,294.41292649571614,310.28798147433446,1826.2526222116062,15.74091595065331,33,2852.1974416168823,2.022695093674355,59.24999726639379,0
Type C,301.4797053253379,311.5990404738444,1319.7344713003017,31.754453578670965,59,2771.9760051802236,2.9880236136839953,51.81220363411547,0
Type C,302.7331845243772,314.9682686633282,1431.5962363238439,38.89545988692286,239,4721.019260379938,1.5340892900008367,49.65026299210466,0
Type A,303.47440124038513,315.7084619668154,1446.4388641572723,47.345109113086174,228,3042.7547948589086,2.858229433937212,55.62832612653804,0
Type B,306.3786663119826,313.8075320334197,1536.4679945706498,34.84253415375829,222,3089.440086165598,2.816024016693336,61.43417728315718,0
Type B,301.3900503447706,313.578539566528,1324.6935018421411,31.678580980260634,96,3126.855727053758,3.708634139921174,54.64732596161381,0
Type C,303.42568757256885,310.19116569307863,1609.704130840424,47.27169249680283,80,3435.019019009521,3.1272909553074233,50.086445741573954,0
Type C,298.1855351847944,305.75050749021307,1863.0220330098286,35.31677626685841,201,1926.361904097961,2.7184301424986654,46.60687336021149,0
Type C,300.438888122657,314.9466606955062,1171.5929727489593,45.42054650548697,5,2960.6598874583733,3.315479761091776,56.42914110726679,0
Type B,300.75273926037545,314.65137002317624,1217.9633157269832,28.884843450254095,224,3730.368019139722,2.82334236466892,51.12152725550024,0
Type B,301.50568695073326,308.6801849422701,1379.2103611756734,26.476669807636014,150,3723.2379361748294,2.223957967223679,54.49781588827182,0
Type B,305.40777865307933,312.47347327907517,1390.8011099730427,47.55269157570397,158,4657.993052579587,1.813236533770683,53.32854852425938,0
Type C,303.88601977361384,311.30363336378315,1999.6164686864827,42.52519910317214,109,5339.392222194805,2.1583806377841515,51.88898317720818,0
Type A,300.3095190203013,313.2400772861633,1750.4273050037098,49.22455733236207,244,5012.483446664403,2.4759556752717296,57.056624925316584,0
Type B,294.3361181054127,300.33617898217113,1736.0805880295661,34.67406999078558,187,4414.652384073935,2.605011043209762,58.88152858900875,0
Type A,300.47369880643896,311.90054936258275,1433.90857662165,32.04894697520255,13,3351.2654092327925,1.2188826411479448,68.75695261255548,0
Type C,299.8038755057298,312.791262748267,1428.4216483032965,53.60718887540911,131,2876.93093004312,2.3682637990456032,60.30577400279158,0
Type B,301.3522710586924,310.99928925752,1137.0736465586504,24.770412360055296,214,3517.878432508402,2.517149061729667,66.15577630631898,0
Type B,315.4456771499828,329.48593193744256,1695.4350570119543,52.51460709180625,19,4085.578769772898,2.8285224669279043,49.26979740018784,0
Type B,296.33359055021134,305.11634987225216,1622.7636512021963,53.20504707482383,184,4321.937798245668,3.47608052950381,43.793386604910836,0
Type B,302.9560231338775,312.1006007299019,1821.499341169571,48.600895142660754,61,4123.08573351585,2.611392121267162,54.898988209958894,0
Type C,307.4792344707101,313.57024954618265,1447.2925716609582,33.12192482989552,126,3378.8245286239476,1.9542622742513691,61.00619070904369,0
Type B,300.6860133986957,314.7547227891765,1464.5552134499007,31.834761632746407,220,4286.862239842261,1.4091523698391168,59.908132027116004,0
Type B,316.36491583420514,323.29883404628964,1542.511382140159,37.89944227001801,123,4760.872505083503,2.912206574867429,63.479671006286026,0
Type A,297.35372495787965,308.7528122287399,1722.9743938767738,27.049603231686007,9,4380.160384067542,1.978547584313552,37.24418248710356,0
Type A,302.26862455624035,311.9833602877366,1132.4460944756302,30.383060012464032,5,3467.986944836601,3.0201021862968083,63.77083826418945,0
Type B,294.4083597857491,300.19722753330245,1684.0140334345938,46.44734291509046,184,2666.151307493993,3.3384520912975413,57.348238385007484,0
Type C,297.53932685399695,305.1029142787037,1494.8761094567924,46.493491142241574,232,2642.4325706118925,1.5735551404124957,44.19190658412491,0
Type C,301.7425373727766,317.27402632893956,1235.340683011576,29.50425173465044,72,2818.7823764078184,2.8323355352553774,60.06470192710164,0
Type B,305.9241284361541,316.730758606692,978.8485618364834,46.76121935300075,233,3757.07519867493,3.2755734462036066,56.18637803783074,0
Type B,302.233663838165,308.1970624726976,1465.8815720304117,44.54303305739806,113,4019.803753555633,3.1114235951681692,57.668605090046356,0
Type B,308.8138039453431,320.03511709473787,1861.9282458185176,55.098862545771034,14,2085.46768205597,1.2421723378537266,61.99376405220753,0
Type A,299.3352428258513,308.7507866994731,1918.6711666853487,45.691364418675214,132,2996.004891636449,1.9878087731237772,58.01192757901501,0
Type A,297.67482029112693,321.4910059001037,1588.844052667524,50.58581053734378,243,3743.2854653053937,1.731891696549746,44.6902243107122,0
Type B,318.9278957509557,330.0683911163248,1990.5014159605619,44.77077590930211,62,2600.3200899023977,2.8140836530882307,53.99881611151964,0
Type A,302.7596635460942,311.2371641578287,1489.2647292608137,49.79929109697188,240,3933.9041530596046,2.7479959740912983,43.676483804043755,0
Type A,294.96362917815014,310.6437408492986,1738.3258879106952,27.12882843432225,162,3192.571709083434,0.8812648732356247,59.54343316391225,0
Type A,295.1401536642635,297.7760089950921,1387.1922777733932,38.782555428890866,99,2776.5797283307434,2.319501027203295,64.78579169108828,0
Type A,293.4012405982806,303.778521223805,1371.350290178963,39.610172317724704,173,3553.2054324488977,2.9804318982046643,46.30983626213372,0
Type B,306.5559854909975,324.5336994697218,1330.6227207798408,37.56250053064718,100,3892.2803295791005,2.5887855947344733,50.29975367627313,0
Type C,297.4493589497473,306.9845618123083,984.8677632189219,44.43886630316726,21,2651.4710857300724,2.587760151699917,48.82341475214482,0
Type C,300.8915373295954,303.9583331510031,1821.773064986728,46.34379654495751,217,3257.3876201859525,2.2810037879687735,51.82266309643164,0
Type B,299.5554392789321,307.9717674212897,1339.5918902154958,43.92257077071148,93,3967.678377307108,1.864635435355193,57.88696210739208,0
Type B,305.1204468555865,320.93851901942264,1299.640305061201,38.23056118778662,141,2737.9098166832327,2.4897665056657097,51.898516145291886,0
Type A,294.07279134981184,305.57706973509494,1205.007079596831,32.64269920154875,186,1842.2431595760982,2.5312560707410747,59.56771120889317,0
Type A,292.4709939969989,299.11556955894883,1448.9101408659292,50.97186074156234,20,1963.4261543102457,2.8691527121997735,62.457658390531826,0
Type B,301.57008115027116,308.8291099215551,1940.8730776399357,43.49732816613835,180,3081.9491359430303,2.917899954577277,62.71231482930494,0
Type B,304.20671499289926,311.96791390830003,2023.4447127056794,29.813861416005913,91,2181.5817236948615,2.551516851497945,47.172732332412465,0
Type A,302.3277261916835,313.77251772789947,1084.7832810494792,38.063124583503765,136,3152.278104823754,3.156945018750899,64.70150261130905,0
Type B,294.33382389631873,309.6866084280733,1411.3880010059295,22.567003222926388,114,5164.942851172679,2.2750451991185376,65.26250599413368,0
Type A,304.74239389463975,318.9520859458364,1241.4105574765754,40.353706143474426,194,2121.4016123113183,1.6335852580721602,65.86875951866018,0
Type A,294.79297351033057,306.6170222387671,1747.08443530288,38.01620057401404,46,3217.395148522299,2.7862322016509236,53.89529626197613,0
Type C,296.3492294864953,301.02265044626535,1571.6483868234816,34.255330496446625,26,5632.304554271384,2.575827732633553,49.73710268682805,0
Type B,293.392325326946,298.0805952709722,1340.8576681550412,55.8460018980353,102,3908.13008297571,2.7981589094079182,48.11031165963941,0
Type B,309.1081084405642,321.2411165254193,1518.1432701477547,28.43845880457888,29,3132.2767125244004,1.7413291910302433,47.28754079397626,0
Type C,304.43395078719146,309.05206639545986,1380.6453446480728,47.06392951682335,60,3343.1173654807617,3.574477653166627,55.08183284665408,0
Type C,304.2349536297521,313.3326855454777,1903.5615235937241,61.86708160931873,164,3929.362508393278,2.926301448198185,60.934962995432976,0
Type C,308.73047994799714,319.9470817327418,1636.7398787540096,50.77267903716688,204,5195.77193062744,2.327201865400524,64.14590908691142,0
Type B,319.68854473767107,325.1381687562203,1667.4558552291096,39.68461217902233,173,2969.146392522757,1.9387281124212128,51.601100185463544,0
Type C,288.03541727262893,293.93836793519347,833.2706304917756,28.659313605766727,79,2742.3897171117173,3.146292046259349,54.72918213043798,0
Type B,294.83136393386025,304.454879675589,1483.3028302927974,26.379378234155446,203,2121.1912672197723,1.838938130761686,54.27068712618988,0
Type C,295.68677441077836,307.70137556087457,2020.8027397647586,35.88448305042478,101,3603.096032509804,3.856818894875242,50.55303825094403,0
Type C,294.04426264332113,308.29033772497615,1831.532267509171,33.12999266086092,45,2094.312630182087,2.1320770360604016,60.15024670832433,0
Type B,292.456917266774,304.8851310058562,1038.2276035199243,32.80453091041868,189,3036.217375178205,3.532303128763367,57.53993772636258,0
Type C,297.90242855161245,308.19705493158125,1421.6435418291014,36.736865445287556,129,2591.3165588896477,2.3893157289563702,55.99276222583725,0
Type B,291.4837739929742,298.498994978746,1199.6201335203195,38.97752907114313,92,4574.123510234106,3.4484480252921847,57.50813807437147,0
Type C,302.34529657276187,308.06166858938377,1927.7753900907176,44.85211947645296,165,2991.603612633194,2.0590788959040904,59.308158735702385,0
Type A,300.3618882500003,308.31837989668367,1561.069570568977,27.622037805375708,181,3896.930328005616,2.51130182712802,59.238059133912714,0
Type C,303.3672006533456,315.0069429932679,1308.051110067141,33.1775620386695,55,1895.907998311437,2.98284959810234,49.130570307146996,0
Type B,303.5540991614678,314.9005939879771,1508.5394858851973,38.40327917177519,29,3631.5069544528455,2.8972462820174933,61.27429984120062,0
Type C,304.22104797398674,305.82144003108624,848.1586177328791,38.04514806576731,129,2296.839694139251,3.16045710019473,56.78756282376391,0
Type B,297.38613744223284,304.24342932916284,1228.759674135856,58.36423707413423,12,3074.351500070141,2.2075167311190613,51.957686635138145,0
Type C,314.8480038184357,329.6660340248603,1509.1109314565774,42.322465927238575,159,5711.202574256224,2.5508850237098866,56.63960784012319,0
Type A,301.6410178153747,311.9578780065913,1711.4188421133306,23.864101880405755,109,4432.174377240884,3.2490331455988426,57.411342337075375,0
Type A,286.9626067316264,291.29457107921445,1014.6714698506648,44.18181361586765,53,3371.5874171686933,2.076846698968629,62.572485670148865,0
Type B,292.98336977963646,312.40665450602904,1404.7111730743927,45.456637227439785,149,6698.941909783196,2.843524636671041,47.67691060060374,0
Type C,287.8164790768053,297.70071214754626,1752.4214346297053,38.74871971755262,93,2584.8253096266826,2.36850385613335,64.27489047557935,0
Type C,300.12134240405913,311.65867824131277,1137.136668906682,27.866033255907986,97,4665.216382075361,2.6235244639495634,55.16216449416879,0
Type B,299.1473634316267,310.7454624558072,1557.2957086960432,57.58054695313463,54,1967.3255431528855,2.550730129848669,51.45692724475981,0
Type B,296.7210201147038,305.25063825006305,1516.493625776501,29.301160864187427,169,3256.0772423520525,2.0270301095290213,51.24269330100006,0
Type B,314.0764827868036,321.166188059518,1928.5950800891505,46.60772206415933,225,2152.2102498194395,2.3435840847265315,47.99042569160194,0
Type C,303.8428801185384,322.32958005880215,1442.4659517220905,42.00050529063935,154,3757.2759150908746,2.5869593512460236,42.8135958137028,0
Type B,305.08268853012436,319.09551200859534,1457.0998504062325,46.0081054902977,59,3555.970253578757,2.438365600772723,59.741799162514425,0
Type B,293.48248558440525,306.77023438884,1713.7399382911722,57.068579241673305,208,3192.3352008164184,3.4436415698765432,68.86620480295375,0
Type C,293.0059857606829,305.3111425275558,1168.412832987664,45.61638872141035,30,4592.057025126307,3.105973334089817,43.6766925581493,0
Type A,300.25763849367866,306.2443689322319,1444.7791983622853,34.413357729564666,72,2932.9010269972096,2.673988299096098,48.34700458848749,0
Type C,301.2110499775656,316.3211707445267,1386.0687472898724,51.05992275127961,8,3826.851747807324,2.0421122903682987,60.26108232401733,0
Type A,287.0058190301988,293.63328839815176,1465.2720468237248,33.6890054995588,212,4320.554940271339,2.005586144861228,54.68054163930004,0
Type A,298.7378508400533,309.87099803265585,1712.1016122407095,41.63558011395268,11,2016.778791103817,3.6842866211682463,60.840934695926045,0
Type C,300.09850458011454,303.54094495825626,1638.5403712705433,27.069163919842097,136,2751.5856583256164,1.8940687383566834,54.28795633795814,0
Type C,298.4939558396021,300.330520437012,1312.829422867831,29.667187726632477,47,3553.860967315834,2.5683157708903144,50.93560750513535,0
Type C,294.30626711357326,305.5794319241857,1534.1748008318032,40.51386670436187,53,4130.153419428319,2.716569228609208,53.419105225288085,0
Type C,296.223253726552,302.98685665777236,1872.610403525131,43.68086708580872,152,4921.237765921533,2.3132058091100163,38.32537404420826,0
Type B,298.76198564499043,300.80531535980134,1292.1585753006736,22.976093773089698,200,3284.1202012720796,1.8986777412535845,46.995609580460744,0
Type B,300.6356001652703,312.79803817705863,1536.291695099253,44.97287368000664,4,3183.528957350116,2.0290620165961077,61.63795561953091,0
Type A,304.233541077854,322.7138641620572,1451.7098307653428,31.805710234017027,39,2627.4039697863363,2.172096998617583,63.343298909251914,0
Type A,307.5659934346561,323.12423446897634,1484.2487460408058,52.796880156711666,71,3829.9840921770333,2.0743042785413324,64.84316238564621,0
Type A,297.93956593530925,306.91029439424653,1092.33559443765,36.48035571175492,235,3202.8824263019083,3.2966322359085583,58.08608542513623,0
Type A,296.8069066271925,306.8422878539803,1852.6907135780511,28.76377730450014,14,3225.9677371742814,2.4945244039164227,39.20751787999611,0
Type B,303.06358971474015,316.6144147418758,1306.4120247779542,40.758045579592526,44,3406.1114941114915,2.185719339311433,50.55495429569001,0
Type C,304.27591441487596,318.76442649421557,1756.5179925383832,30.837649989212746,100,4051.628062090339,2.5641748263203232,64.27258973584043,0
Type C,296.9605969671878,305.586454091885,1344.6558479881223,52.68945141433126,81,2936.269446820739,2.900773543176949,66.36137967078487,0
Type B,305.5327543387632,315.6694652016615,1343.6238370260598,40.005302075330995,12,2727.841911091095,2.293228176365452,64.53853420105071,0
Type C,306.8570973880918,318.05955661515,1803.2808126163668,38.48323376906713,135,3931.724186134103,3.0411887771055492,53.346232746611406,0
Type C,309.0418052596107,321.25731054072605,1748.471150869481,45.91801018931008,151,474.2750981174149,1.7373119353860647,45.853968933978045,0
Type C,312.4482463470388,321.9159405789937,1552.1664747409957,29.95052560799707,44,2896.3218263383146,3.2027821792698483,54.71557887029063,0
Type B,293.9350870293839,303.4547460491089,1690.28763745158,27.108463446714858,172,2348.690500592636,2.4946285961366677,55.10364912761184,0
Type A,300.09728746532755,315.6166167843451,1427.8618049359,44.08351579441637,14,4703.258223016789,2.4711925889489628,65.95895374064017,0
Type C,300.07894387633064,314.9170266861022,1497.9080930702776,29.00329291991191,182,3059.067237457103,2.0841914053210884,56.59453910085548,0
Type A,299.3134850202724,311.2231273140168,1334.5939018840452,28.999898462505435,64,2939.2838847327694,1.763289921691952,55.1167682521654,0
Type B,295.455159562729,312.3315958428207,1726.016237325065,48.36756031220888,56,3451.377514746726,1.4999968385107654,55.51446603700421,0
Type A,289.6010659773825,298.05528292847686,1326.646667208162,45.2506410998394,49,2904.6275715350866,2.042333998630128,57.799011808338804,0
Type C,300.64875612220305,317.1406499167206,1871.2890862344632,27.461704575470886,217,3097.3518418464655,2.8526039323614114,59.385080602430975,0
Type B,294.6215103831646,306.7915721573068,1421.041457920044,33.808639570586635,125,3597.110410423163,1.923232946617203,49.92823796187403,0
Type A,300.6019543652334,323.68605885409175,1505.1271410040836,30.962684440536798,172,3077.959565493732,1.5709310885654146,47.59665723762102,0
Type A,294.441695208108,299.6717675009781,1689.6820051635837,57.763192980405805,50,3070.782547727963,1.954560813497328,64.5939096498329,0
Type B,292.3023915790896,299.54501057022026,1505.9661052973954,49.06010427570608,14,2489.8423262886913,2.2691000094974108,43.512710938950214,0
Type B,301.6400885226383,313.3152798354405,1425.5229214286724,35.791551539947264,9,2346.216259479469,2.2926992664025883,66.46423221443341,0
Type C,301.05645068764545,312.6453868995614,1492.4941380478822,45.761946893434924,110,3560.6368975902806,2.4226642550543414,41.6252491192241,0
Type A,304.0549737992465,321.85552973594656,1723.454588389396,26.438138140691706,81,3806.6005097858224,3.119563807631127,50.908212070182856,0
Type C,315.30104636492337,322.62754763172524,1334.2869444658236,33.273538488105075,191,2071.8433562160503,3.2495526628548936,61.80297779408413,0
Type B,301.94102671847594,315.5607007932515,1468.4407481816838,41.048632659418864,197,4259.9414153808475,3.7032775032335934,55.00239322354791,0
Type C,303.3955723694489,318.0454243881769,1502.5716818343687,44.52230749145913,77,4264.047639824747,1.525055609980859,45.78466237366712,0
Type A,292.4570706979287,305.2756620268113,1716.1462988819142,39.02540874486556,108,4474.689138278623,1.9864696477981991,57.984997078881975,0
Type A,290.99164791624537,297.1476625485481,1475.0386565321407,42.48013510714226,95,3799.889084740598,2.9190910942358523,55.469030392603365,0
Type A,311.07980612741335,326.71084134843016,1952.0747736234305,40.78336459953126,168,4137.082100288996,2.227581270684985,53.487661980906154,0
Type B,293.5356415404669,308.45294126572855,1460.8653555712262,38.364225979776826,157,5685.025844578322,3.0164718819095393,50.63254396451964,0
Type C,292.6923914997195,305.09072957888105,1440.57909039868,37.038544078091064,162,3198.478399122707,2.624268058068896,54.7577580032858,0
Type A,299.7263075514841,310.54369830031993,1457.241969595567,35.73735127322216,13,2454.3084991104433,3.4475225260220794,50.926548716333514,0
Type B,299.3686531063583,310.2730851465358,1170.8396428354974,42.31937508628588,84,1965.9401167785384,3.1256296683596116,72.04172868194411,0
Type A,293.68245445489697,303.3675112859395,1240.8182883103286,44.10815589199456,241,5255.673930232317,3.136609975935389,53.31987993728259,0
Type C,297.8651874690083,310.42832800601883,1367.3332775652266,41.98359167318834,85,5268.787258698658,2.2528770347837823,52.38370132326622,0
Type C,308.6056300235507,318.7301694353306,1783.9574622125324,28.214029499989405,43,2575.4002580657693,2.4415234924190368,51.20854698158548,0
Type C,294.3580447381774,300.9639448367668,1491.7184851594975,30.010721488568123,49,2772.6791873214434,2.3168479254595864,67.43865589986736,0
Type C,290.2442926094368,296.0499260301264,1378.8389525960733,43.98881805948067,6,3176.008962468828,1.596464713810056,43.52653185473103,0
Type B,306.59815534629854,313.59001033168937,1806.633686401649,54.71673300670878,195,4724.256872145983,3.3830615532973196,57.51602695329592,0
Type C,303.44607838356626,314.33460735376406,1887.7942832230651,41.524154615587555,1,2212.69780151969,2.9472323853059272,53.324970196865166,0
Type A,295.65636965545934,305.5485463097185,1813.84561522694,35.88331587523006,149,1533.380475111125,2.292983725551437,45.036199267505914,0
Type C,288.92483088711157,299.7862060602666,1286.7275006912105,42.243404554427755,99,5667.514476562161,3.282755504475984,49.266465704958186,0
Type C,294.78763650493005,306.7908890391145,1376.1878449515862,28.631785774865715,23,3812.3732869200753,2.1217794119517066,57.21867795734083,0
Type C,299.6170689420551,307.1077852383876,1953.4340175786797,53.089431565364634,221,3954.4133059185606,1.3971193189268347,48.949247462407385,0
Type B,308.15970462918676,324.02234530256817,1560.2849230000056,41.86594144508028,185,3294.893994800007,3.1044218517361686,56.8169474975403,0
Type C,292.7439261759124,301.6730828677225,1433.0932337759803,33.305427867894515,204,3965.7849237180235,1.7328638601304016,67.10407260080446,0
Type B,299.4083608294197,307.67465289029366,1679.5869903327093,38.33204533907125,234,1985.794116659014,2.38253472062561,56.19420474052135,0
Type A,304.7260126192643,316.6555575685941,1751.8247668395281,34.72963767936384,228,2659.07943313977,2.623673824470256,44.82541265032853,0
Type C,283.33112861914657,285.9850878096463,1357.1376072679338,53.11669976816834,175,3605.1578845226054,2.731279206843257,49.07242616707177,0
Type A,307.2365031755723,314.0743653766806,1554.8599896549829,37.97759910552941,133,1229.1091070997581,3.009040633722278,53.002159828783164,0
Type A,291.7228459945549,305.6471371893222,1731.6400173042646,41.55365746115593,174,3197.482386185771,2.848510855760507,52.534354167037385,0
Type B,302.32396845419856,305.37428073795013,1209.9282135100366,45.73726456651292,112,3135.835629665593,2.829935515937216,56.064096915811426,0
Type A,301.7267820472752,316.19707883500786,1503.086364356535,32.59233396235458,45,3197.3097680496385,2.025548930766105,57.187100594546465,0
Type C,307.5921047402469,323.63665100568346,1221.4025867373211,41.93709466135157,96,2948.9181921790187,2.6765461343605943,67.11369568583201,0
Type B,303.8564706662548,312.3786493149598,1254.1048757682972,42.7443556939421,116,2504.1080741255028,1.5966700179699365,54.973962344384745,0
Type A,283.35896655789014,294.5262176275954,1359.224980629924,24.45921178979379,11,1677.96814972908,3.4372826190716976,46.93463887186863,0
Type C,294.5065452699081,308.9828936093122,1619.2798844698675,42.5269648877761,211,3644.747047167412,1.658461105709066,63.07664291173997,0
Type B,300.96743590547294,309.10027915329886,1419.4943428404663,39.54237935056861,227,3199.876013203757,2.292136096746193,63.84117203746717,0
Type A,298.6351407971615,312.10624287926623,1337.8954687578985,41.299662921159964,104,2124.718453431322,1.7086754565839297,56.62710165804179,1
Type C,303.3432751082974,310.6586799277747,1512.8886408312399,40.35629713490567,124,3562.533412833771,2.0619002284806087,53.27523923353727,0
Type B,305.5255658896879,313.6151567163552,1213.2593179333926,42.59169872950082,210,3205.0498049272937,2.5080570492592305,59.35782481784343,0
Type A,304.25916215500774,311.0618162977078,1607.2008044584775,53.373432256761575,113,3038.976048337885,2.182745140890399,53.52244130424329,0
Type C,298.50007540211874,309.87066419889794,1782.8466904895774,28.204925879148906,172,1343.1051131925497,3.186547754887373,40.61003749855761,0
Type B,287.07564092215665,301.70751713241884,1480.198989752997,36.578476644995796,128,4182.767512307893,2.636140609577678,58.944319980807265,0
Type C,296.8116312580163,306.07517952954765,1449.3377516749479,46.666186289628364,67,2266.94895989087,2.2222541624628445,61.245760338822045,0
Type C,302.9145770369727,307.82958039732307,1593.3600883038923,44.80925867727911,198,3563.2702548412417,2.419850842015572,65.08761061265531,0
Type B,292.36686923214666,298.0360419429994,992.8826452921138,44.59405553342084,48,2691.731556567307,3.231820274233561,49.88469089933204,0
Type C,304.41892311085104,315.9973207963332,1634.2043641494668,67.53577215673337,56,3111.273482452015,3.0453225299706794,56.58315721102891,0
Type A,306.3587530808711,323.7352187344482,2275.4714509362157,46.14135524116706,172,4652.292491749911,1.8167374635907534,56.73459690497088,0
Type A,300.8880688340709,312.4629688313285,1469.3309447213198,51.30937796255025,177,4031.618200803374,2.091608971516237,55.5976779179267,0
Type B,278.5535409358132,287.00595473320817,1470.2187415709172,36.929279411474916,238,4630.03994628947,2.784873891210623,55.803992268003505,0
Type C,291.05338146101735,304.11811732841846,1685.9017500249208,30.07087626102718,177,3830.3854946215733,2.712019951616224,55.25995210763876,0
Type B,313.20332410989255,322.2453295675456,1911.3331670494904,36.85682570766366,6,3896.1435843407808,1.8697710751607424,56.482245811079714,0
Type B,296.17423544880137,304.66109457934454,1743.7419611085338,47.119601713434044,212,1718.8609997738222,2.949475953583974,60.18476723796747,0
Type C,286.110997438097,292.2771610153159,961.0982803541124,44.06827854829175,103,3182.4750061334457,1.9654755158881625,63.54201267209021,0
Type C,308.6467317181719,324.2805270951573,1640.8497094156867,44.0325137059888,2,3275.091068151392,3.282296064313805,49.70567305514453,0
Type C,300.09348914080573,299.9366574708231,2142.9825363104187,37.85655613202872,144,4723.664820351975,2.817669493749773,53.793890516482726,0
Type A,307.7345834227041,320.9260202238212,1655.6102616898663,36.26197381187025,42,2993.770672093072,1.8208453296125673,52.041743160786396,0
Type C,301.93871072653553,310.08373097534536,1211.3495216820627,38.20142755706722,103,3764.8595090561225,2.182553979121953,51.04029349959959,0
Type B,303.20991395348517,311.5685510276787,1570.4574061046535,47.244754501652125,117,3725.7573430847524,2.1721236312828256,43.687780092857814,0
Type B,302.5410647340016,319.3103253584729,1179.8281871647332,48.40727428170418,18,4657.675160280727,2.5959260327813984,55.169557190970735,0
Type B,304.882418183447,312.0258938146468,1808.200922317215,29.937583503287723,212,3366.2559176938666,2.377613861192506,58.35524258681701,0
Type A,315.9420131398927,323.22173652377904,1261.0293529930186,47.62342559431449,127,4327.786948693147,1.81270665197093,53.9143017367079,0
Type A,306.7970443517143,316.27546739603616,1518.5609086730058,33.4927876924377,241,1795.1348658624754,1.6634445122664543,54.937294725220404,0
Type B,288.93762477508125,300.5930143183302,1285.554999502038,44.68921651841053,116,1885.9805670560584,2.829414000638717,57.92905849536392,0
Type C,303.12663060695235,311.35920747778084,1363.3879856130022,38.08034257537512,148,1216.655655375473,2.6717421187384978,64.87783786614543,0
Type C,307.99036537672254,311.69492965457897,1871.5376614651236,55.657885492389845,203,4285.984975133333,2.563322534323019,52.06164829333875,0
Type A,308.418905645753,314.95611292222594,1525.8642912234243,35.81925371018855,53,4173.666937788736,2.6624391153762765,46.79871519966277,0
Type C,297.0137651185863,312.1391005444444,1360.19938156857,41.786118408947836,227,4396.8275738992825,2.128648511484979,54.366918971044704,0
Type A,308.1546111163169,318.45371827285896,1213.6930072783193,46.06593157559428,46,2822.6381642938068,2.6103954146650863,68.18492884358962,0
Type C,306.49419679685843,318.29854593167374,1032.074628400141,31.260411498771177,248,2936.452342465334,4.023103338990561,46.873696091001285,0
Type B,318.0076220587881,326.96193723009594,1187.1798416193283,39.27142944573055,159,3378.952357337689,3.204740272448286,59.55094986906199,0
Type B,294.7499878462604,302.1119970615673,1527.9898103610944,37.33415115376863,129,4943.699302947656,2.326954929424098,63.1053926049958,0
Type C,296.44819596519704,313.15847376469867,1745.058442180666,34.861865165940266,52,5193.828127622051,2.185976951739256,38.44126046424017,0
Type B,297.8571666607803,307.104399232576,1359.9121268944498,35.602769985167605,142,4293.808489841363,0.7837363615050601,57.871557665259395,0
Type C,296.5684449497286,304.7949654316201,1892.6359001797537,51.12014598136794,138,3831.019724803501,3.1412164917908187,59.22387445951166,0
Type B,293.7698547516548,308.15442421707615,1320.6248944429433,34.01449265239667,245,4835.382697700126,2.9719632122648876,53.12865359034102,0
Type C,280.6612714602838,287.7718300248142,1440.4970692800302,45.66407882671606,208,3244.1575428504416,2.1737032184341043,50.474930072371976,0
Type B,296.95710368393804,304.57819430884206,1230.1058199156869,43.145950020311446,120,3109.058469517705,1.6409753902737236,50.86536353233214,0
Type A,302.58550641789935,312.6264931539669,1747.6904336419639,26.030198842248243,97,3370.9778793861888,1.8068395340861645,52.70002052887065,0
Type C,296.54744708145864,306.54852749781134,2024.377653511142,45.19169438426441,96,2521.285630580422,2.7666387174876537,52.88532777818556,0
Type B,313.5476682847038,324.58611367631664,1059.5457597659506,25.864867902423057,94,3324.9906356283873,2.4463955598024913,51.56456070070263,0
Type B,300.09363068901104,318.460307046593,1413.4594828413253,46.2809182816516,3,2382.5919562160598,2.9149552105643686,52.58867323122288,0
Type A,309.0372033862889,320.3821963716984,1816.1949617625087,34.92808356869152,9,4525.0078188995785,2.55186588302091,63.335542766926395,0
Type A,301.82994288910976,302.31772703810657,1138.2636196435997,40.08367253256452,187,4043.687391033018,3.0800552992698904,46.498998547594056,0
Type B,305.7848511692528,317.0900469429791,1641.6709767427715,27.05720050373661,63,4929.562397547826,2.7217450842353483,42.756591037098865,0
Type A,301.9546908775349,312.1062108554933,1805.3680500518926,41.22382323604816,102,1870.7171970858105,2.9972772280964084,63.44749575064021,0
Type C,309.58149242332496,319.7552925207308,1519.5572035892094,49.269504179706196,174,5401.696946922073,1.2461899534468377,53.65587568461592,0
Type C,300.3915754509268,311.37536468851147,1637.5657677350332,31.93034571977379,151,1927.5245862065597,1.759392657701524,52.28237395262225,0
Type C,303.4728449566215,313.3581318059223,1940.2255965319018,33.92832913855989,90,2301.691924916794,2.2813889980674236,54.22148013387132,0
Type C,302.5643305355503,312.35388216332876,1987.1066385252866,44.54621023567489,188,2879.17845313691,3.1477412709401453,56.46493690545389,0
Type B,297.9820017931088,310.43417863219196,1484.5081967413792,44.79618323646939,39,4807.720691969865,3.628317835640644,51.33164141017144,0
Type A,302.83487623247277,310.66655304369476,1366.9055376751917,15.658207015914932,118,3725.5734972285736,2.401458530567873,58.54151789353112,0
Type B,315.64070372338375,321.84995838082705,1270.004972231576,60.15406363782773,26,3256.170749478428,2.133051961667092,48.26416198333773,0
Type B,298.1072214053319,320.2023472158215,1744.2410376071782,45.28553483548331,132,2707.3725653548395,1.327018873445318,52.8872167550557,0
Type C,302.93625424997276,310.07282447484783,1157.056110552258,46.96918662452961,23,2124.0648493393,3.0181382584438983,39.49712621300674,0
Type A,308.8044526560861,319.2050243059264,1436.8564905021994,38.56459553337983,235,4632.62732369301,2.1698856548833136,63.205659944046424,0
Type B,307.98177296661,311.99913196310854,1525.6724427386164,21.446464914477552,164,4298.63926104864,4.275000801614893,53.76738612408259,0
Type B,300.08201492403555,310.54788858424126,1374.2493718203114,46.7472206125024,61,4852.45037709235,2.056357647979292,59.69072864216011,0
Type A,283.31627907929845,289.58337687654114,1569.955066254781,34.34811971769114,153,3896.8181269811244,3.7631650581163987,58.33602208986375,0
Type A,303.6169197305393,311.8470279591392,2141.1283295731896,45.4393169418334,87,857.8975414444653,2.9490204301524803,58.84869646259926,0
Type B,284.46368018963864,298.6439388527231,1469.6003524133644,37.81198929737271,129,2255.417067318548,1.88304136040718,54.94557129997958,0
Type A,310.28956061658863,322.1775988901009,1391.1485931431525,42.380393791163776,41,3964.8713058467088,2.639286273186152,57.717591749174225,0
Type A,301.18631709835284,313.4599551966521,1753.8329560954633,32.250036185907554,125,3130.28297476398,2.9628283159302797,48.27100911171639,0
Type B,306.99771813910394,309.91289878553647,1559.8959110363805,48.643889426789315,26,2941.1580330718734,2.3648486844900503,46.80175010639187,0
Type A,293.68522203273267,311.0328027120487,1859.8339428028441,28.11620960542328,38,2396.7732351104714,3.002789626331379,54.29225846546321,0
Type B,289.13244768689964,294.3649224431321,1541.1719049549297,62.4556942533919,146,4447.58956741454,2.989574295609196,50.24156533722964,0
Type A,301.8252806889882,317.93952394616366,1437.8941980072416,62.37948634987012,125,3956.1926374143077,2.8578031003564788,64.97824921274598,0
Type A,299.764775920307,313.8509513842329,1054.0687779763612,56.32699585466511,73,4001.1912229081227,2.4901159791714966,57.62601100514977,0
Type B,296.5592142168998,308.86854518403857,1095.066326547065,52.7547898577451,14,2866.3977512149427,1.795035946416324,49.98463026915623,0
Type C,300.59262896512934,307.1726898414958,1041.0753273932244,39.154516417663594,105,3676.2877588998094,2.4539287747148597,53.09921693046094,0
Type B,319.3720512442258,329.9784106235039,1594.83479157106,51.665467057472085,231,2162.2350738035193,2.605638798229506,55.9310460739167,0
Type C,305.8416788315834,313.95799318900396,1159.437630033135,39.038235017238726,177,3370.1720191538066,1.3743694773773054,54.52397930695758,0
Type B,307.3464902410432,317.4626485270644,1813.8943414798457,24.46482457754693,14,972.070421406891,2.601541189594806,56.902222230539856,0
Type B,305.90755824087347,314.9080692045312,1507.5616412139884,55.03201414030688,234,1931.883860865445,2.441919241113914,55.480581811236156,0
Type B,310.35623500696533,312.2017929806757,1438.9532702245829,51.288244629225055,105,3177.6881557479887,1.7220243575290275,45.26540276070944,0
Type C,298.6694982896948,313.15663489363317,1289.0362311989154,39.68660892344565,143,5875.118146274932,2.300196165584946,39.943668027472626,0
Type C,285.61667084627294,295.2922422200755,1655.5646870675516,27.748157426688497,0,1699.2569265751356,2.3128921918994205,52.38473668575606,0
Type C,298.6798970689579,306.740695470949,1298.875545114397,34.13799323421026,77,2256.4194074601373,3.6580567200960514,58.9234489356885,0
Type C,305.6821499699755,313.44084103865646,1253.65549898253,21.788544151124903,196,3716.77479669281,2.63207100770642,52.46341675805495,0
Type B,293.21139723419446,304.64523553966154,1797.087480151337,49.45080852617977,82,5269.422906014603,3.1216271507887594,63.65594879383657,0
Type B,298.7654383465747,305.1904129933968,1588.6552901937557,23.966910331358196,41,3702.1724969880734,2.429310817305611,54.67179310490771,0
Type C,295.1576117989838,296.13690956508765,1441.267642937932,42.868308701466766,22,4202.141852304157,1.3756500898989499,64.50037244976386,0
Type A,310.5142047629019,322.142723975735,1660.3582461834292,31.56306652220312,231,3162.3962493235226,2.903405109292974,63.06332407485014,0
Type B,305.24619910784594,317.3226110996732,1502.2329682776747,25.732965550005233,203,2989.3784110606234,2.105087962247475,62.35900805622127,0
Type C,304.56078434450774,313.7622570457972,1595.753287612921,42.38355093278572,10,3582.1843520677567,2.2986399220072538,46.575418560551,0
Type B,304.3512091918468,309.75959769108675,1295.7880244061362,36.66200614687968,231,2841.7106093738957,1.8682172505307175,55.11998467581241,0
Type A,299.7392552321351,310.09499739569225,2017.5996522276555,48.38189105425368,205,4224.269338717745,2.543660718352816,63.5594144123762,0
Type B,301.3828939776925,305.52476450443817,1355.0950080809437,27.32394731271293,89,1893.7281010544161,3.139107016973471,56.90641307330627,0
Type A,291.70370793627376,297.5947855495231,1889.0040817374943,32.42685354526178,164,4389.9870325668335,3.0596428650847756,58.880519334992776,0
Type C,284.69490614874604,291.6921144027294,1452.7827876738809,16.123577915091087,64,3539.313012302752,3.4517137046710986,45.284788864190645,0
Type C,301.05056791241515,314.42632419598135,1701.7742789137405,18.15653317672077,62,3285.2791313991365,3.536775674772467,68.43152951425647,0
Type A,302.267931793905,310.81748799215734,1683.5558747565342,57.981924099785125,178,1857.0154398135783,1.272475461845066,49.46037918204209,0
Type B,308.46485197897766,316.6733863318718,1786.7129387875113,60.83598244099669,50,2520.2113280021304,1.783827663442521,41.03902400774862,0
Type C,310.9993507125766,328.8181207742216,1289.844073208964,40.92726205223953,88,4698.651473133179,1.4150850530040682,52.54211983522453,0
Type C,310.9899893949926,322.39983938374746,1768.9088503197154,31.761712340934885,89,3291.401001966635,2.879158246233754,37.867613039352534,0
Type A,293.01383484694287,304.36981288884215,1961.60996272786,37.01551074509893,37,3778.3984658728214,2.0841509297205083,47.40412398646183,0
Type B,297.53414475535163,306.05534177451653,1435.3267551895358,48.73574202486364,207,2620.4679866846536,2.2064918008936423,72.90958283173111,0
Type B,303.3623400711697,310.9768534006226,1508.6765167855306,34.85610980177954,168,3470.945363774549,2.370041540843527,52.339714557477464,0
Type B,317.72333274419526,318.97770698412666,1369.1383393799615,42.37633867041689,215,2127.8479518800204,2.729542412854451,45.00548982414146,0
Type A,310.3606944259974,324.2356565536916,1413.390936953725,39.87243949518751,130,3599.882254287887,1.6088073711961264,55.177085205962825,0
Type A,307.83578013398864,319.6290189570141,1927.8556997331225,34.311873299171424,43,3870.6408972702047,1.7446819224195478,48.715373784776176,0
Type C,297.28548431115496,306.5688203383013,1248.941368467449,34.73807254008129,69,3820.6147271850177,2.500777723918664,61.05163439771751,0
Type A,293.8176025819141,303.2686957745691,1264.470294537307,42.933208716855084,88,2596.415169509838,3.2192475616926806,48.773186544297715,0
Type A,305.5223551836827,318.4669322327269,1902.7252341035942,30.231118636125586,235,3157.9490158994986,2.484761558049349,56.895135970946114,0
Type A,292.2953711503595,296.0765308580401,1656.1371064720906,44.51729345623516,59,4037.1941459816317,2.0250041761707807,46.97058674189279,0
Type A,298.3309455431379,305.97142021692264,2030.092562260631,35.28421040350818,173,3288.5624047219017,1.2110747917974183,73.19319701353388,0
Type A,299.19655435698655,304.6513429054164,1387.3903405435367,41.2736730464823,30,3212.69461765989,3.071605351036167,58.5253660401912,0
Type B,311.1503846238597,328.23642175380667,1531.5702843093923,53.83962566168559,238,5403.467608625557,2.058441010365712,53.98145941762273,0
Type C,297.51711887928224,311.0197410066954,1334.8307640570488,38.31807954773048,161,2549.0108811338755,1.8115378505489672,52.949292245581006,0
Type A,282.92525252999167,284.1144819654502,1535.825292161924,49.198043401919925,107,4580.418468088983,1.4708048641247313,51.12480011725445,0
Type A,303.53111253363727,307.47606602707737,1056.4758256789241,22.079671441161715,86,2345.3193364950694,1.6365395133148208,49.67360564134738,0
Type A,295.1068470282725,304.57746433484255,1671.238639163752,35.29636986359405,88,4154.781085771415,1.9232714677276883,49.481222916731696,0
Type B,300.2984171710642,308.4086563227745,1580.8685208730844,40.27688621076073,56,4208.152558123973,2.3566907582835093,66.74830195323366,0
Type A,299.3930670941051,304.09553826179757,1485.6113343835202,59.23330679206459,149,2989.6348449429543,1.7747549771436057,51.13170229595133,0
Type C,298.0840720292756,315.8631209798776,1402.4089188500839,20.400479167401095,216,2282.523147137894,2.6114248225285825,40.094067653531056,0
Type B,305.5323840724929,316.7825437284232,1276.311503157975,39.03790138107223,60,1529.5667961965823,2.3521313560491386,46.83822595384074,0
Type C,289.2699458515311,301.16921114298344,1681.9282280081902,54.56688850916263,187,2884.8864910746643,3.8331953735107165,61.49407233999396,0
Type B,296.38090042531945,303.6128406283906,1207.2275035741484,32.14979594733128,141,4026.218647952324,1.477334130164403,53.23373160386064,0
Type B,304.78826539182165,317.67736198053365,1627.9739780123107,37.8716118957433,193,2422.3718429004216,2.596887658187429,54.0614287990454,0
Type C,295.7014065725894,304.17967552866133,2018.6128487023643,43.317389850555394,192,3596.948580923728,2.604402993424574,63.18870115993365,0
Type B,288.7383530351102,297.60498034028024,1871.3803721610745,41.8450855372278,9,2023.5702020891547,1.881665557646111,49.55983387579388,0
Type C,304.67988740279714,317.1238952420982,1123.7180143323367,55.65770475454414,5,3266.111807896036,2.5571514384684764,59.42692405491633,0
Type C,307.86166241309076,311.34567215284955,1365.8154849141742,44.484738100732315,228,2352.956095801269,2.9617566198440293,50.32481795148685,0
Type B,299.68503354649897,316.0731449859029,1605.3626851388344,53.277728955142194,38,3422.019498105573,2.5578948895346993,59.031136457266335,0
Type C,286.27408081071326,297.00363766960874,1482.4295194964125,36.39991642690089,143,2998.920530392468,3.3306777308919027,52.26205324461239,0
Type A,304.94178822689173,320.06556506201343,1150.1485704293948,32.594745887497034,188,2309.6338637624003,1.1933874291427968,53.309155776010165,0
Type C,288.38078483006217,294.0791058035869,1596.3289878683727,37.742768069803645,125,2841.1265221110593,1.9946599523183677,60.74093560257894,0
Type C,302.16159493793714,308.4689344418244,1497.495776220925,28.408969066323984,1,2565.843137758007,3.3850336283385665,60.2361736537775,0
Type C,293.78775322680485,299.1401523404056,1978.5813521509453,44.835116962100955,2,2186.0752997625873,3.0472157999583103,53.842004102167905,0
Type A,291.88112499963125,302.8823156902906,1436.6928243456384,36.141218872447546,167,4582.745825289418,2.8243070267597727,51.6986343100365,0
Type C,296.90662988044215,307.17056308811516,1792.0008463316476,33.28211100022524,224,3139.825135549075,3.2399292439116754,66.19403309137158,0
Type B,298.7169171050092,306.8592698280845,1183.227899217506,44.98658409621002,85,1297.7745509263345,1.350065272778938,59.125315680485784,0
Type A,295.49054224729485,301.43426547575376,1242.9976755258729,28.562842220257114,135,2876.7191924053145,2.9773663976336926,52.262007339394806,0
Type A,304.1209229475061,309.0545378685827,1680.4154899523726,47.70502213855794,233,4414.711713818265,3.1386220974516537,50.428409456971714,0
Type B,296.87751435078815,306.6835787489055,1770.9326951518437,35.21662611508639,206,2738.6413667426236,2.104779900294558,62.174282548594974,0
Type A,306.86133610170276,314.99898898334834,1260.651818481402,51.59096444094184,135,4997.743878133629,4.077542270734735,55.80780060237212,0
Type A,301.96821215950433,309.2257841900713,1506.019351620978,36.07262421770433,163,2643.337945038411,2.6178093784372347,53.8551290341174,0
Type B,295.1170995538258,311.30545749835227,1154.6052066177306,46.31909666557924,240,4003.408055816455,1.1843385744948756,55.804826228938154,0
Type B,293.938420813174,303.60911810040307,1454.69504342363,41.79562373772906,199,4536.638584591012,2.7287631987602525,57.36457812245894,0
Type A,288.4675259066679,303.5476976423756,1709.2306964060315,47.43901873714487,103,3950.193972311433,2.068083982006361,54.6031759679846,0
Type C,302.03513224506776,309.90212351433695,1391.260375215964,41.09946892147627,173,2125.5060253589695,3.198997164357711,63.42580806790096,0
Type C,297.5178871692405,308.49699230443514,1437.7413235140493,23.366025876567562,82,2557.531423078435,2.828766420034779,63.81536933348391,0
Type B,283.3946313035554,293.17272723853006,1217.551150425987,50.08793539242132,230,4670.070990386582,2.1412467566342857,58.7232168344126,0
Type C,296.2499958906142,299.4595066525417,1337.9103965937686,39.123170775420924,23,2695.3885436680225,3.4014711509577378,64.62303293346939,0
Type B,293.69276179521535,309.406115020271,1939.5277290535846,47.89516077354813,56,4475.6765139022045,3.063670783587586,55.05947737696756,0
Type A,311.02974314519463,320.48912871706494,1518.2312229292831,46.90246476868857,86,3069.7152781850564,2.0032480073907393,59.832317035032304,0
Type A,288.0805497167468,301.06622259527865,1249.4230583373505,32.267035189886585,50,3641.437319219151,2.4087729516634915,62.03119423210359,0
Type C,289.9105444018616,296.9024295120154,1421.3070125205022,30.85204594824703,148,2113.892722979049,2.810150074458448,62.13326796011627,0
Type C,307.76978750173987,317.1104099754208,1100.6430947083595,46.55355101449004,178,2891.732425287502,2.281442042336427,61.41199403416841,0
Type C,309.4973421022477,316.0299326625543,1246.460076964947,36.96750970589486,222,2624.693619560278,2.299360357691647,59.418324358571795,0
Type A,294.7851194289205,309.72911335997406,1840.0849347616133,49.36429279466497,125,3725.5996505581734,2.5220350169586903,68.6998968094666,0
Type A,295.5753992403376,306.8210366301403,1464.3793939033487,38.21799057136977,155,3593.1975797158825,1.8605208495775662,51.22212950314156,0
Type A,304.31364777587316,315.78186188259673,1972.6825440253015,50.23409777448288,149,3962.6498962456344,1.1603407968538193,53.913454487078525,0
Type A,283.71030142138284,299.14303800980275,1476.163040375986,44.23304484209102,0,3009.4774969073273,2.6434809173992226,53.49842666344906,0
Type A,286.9716442084611,301.5970093960572,1491.005325952126,42.87974993714148,177,2569.769928705422,1.3066600304228886,52.423529986653335,0
Type B,298.03486619404504,311.0962363385902,1660.2235396355309,36.25988801259726,5,3682.729085544308,1.9041767781131678,41.07859569609545,0
Type A,310.8492339629039,315.16232457475405,831.8531044451497,42.32427614061517,136,2470.4110969929657,1.4370505846308568,64.62405363995774,0
Type C,296.94988938283285,304.1671729047661,1551.2348309133938,51.92852714952709,249,4578.422526422588,1.5109333313432183,47.81771678667606,0
Type B,300.7065575421461,306.69100499810065,1487.753377984762,39.457845413366805,196,3385.4776134108874,2.755813104471575,56.18870436122268,0
Type A,307.93652490794807,320.8466596824513,1871.509723378787,45.31174443683855,126,3173.864890295044,2.3666151009639558,45.046971756275795,0
Type B,314.748193132947,325.4308008999472,1741.1698485409042,40.46360076249706,79,3962.175622750211,2.344959726719126,59.34501011503817,0
Type C,295.9620606879618,300.40001095343945,1216.5770786132998,41.24604042745422,209,3423.6355005682835,1.7104589298255943,49.50222774841861,0
Type A,299.882142933866,309.1271660818211,1810.534654656895,57.234107569382985,214,1841.9482831648036,2.1064905466968633,47.04826653123659,0
Type A,312.7543865493999,316.77793720652477,1434.4213686047513,52.01730031039551,92,2438.5701006105664,2.7258730955261123,56.360404251371946,0
Type A,289.34460507366,299.13197912138094,1273.8866934259888,40.79403815195718,26,4557.708703864615,2.4687476408160998,50.0948579366216,0
Type C,307.19306749387675,310.57157747792803,1549.2758127178006,42.14454087936034,145,3583.884347844583,2.993604436625191,50.98088632739539,0
Type A,292.8717912734712,304.98710124700966,1449.3076610840455,32.98129496449031,158,1818.4321976365586,3.0790552072755486,56.20252730639734,0
Type B,300.7173065697221,312.2291570738584,1884.616328507131,38.27028453735047,233,3852.1120667151663,2.3486680850450736,60.59992617544092,0
Type B,298.3016666681981,315.9334606415856,1585.1555071228024,43.093977875486146,222,2940.7411801302515,1.3886504284477048,49.27119658489802,1
Type C,293.2939187950914,306.68541195308075,1551.4147302215015,48.50613589569128,57,2625.500047491218,2.0460130605602704,48.0616526820595,0
Type A,293.11828650639205,301.42662948310203,1725.16177071386,47.49220896910919,63,2355.127274366154,2.441386431476385,55.16438566677592,0
Type C,301.9349005497763,315.2071809228742,1773.217904523178,28.907409440954897,249,4499.929471318687,2.0341077687975315,58.774768061806576,0
Type C,306.9687752971388,311.3781197733581,1695.9012735743247,49.76982730678631,81,1534.5016279946499,1.8672254731997482,65.23928634302438,0
Type B,299.0918465776805,305.24195616295617,1854.8658682037385,39.11226320622447,114,2662.4679255605097,2.5418513705340917,47.50069281194409,0
Type A,300.4907921111325,311.823362239433,1652.1706032284471,30.13008644322462,76,3620.1267659112423,3.9581818616399684,52.77423029110734,0
Type C,303.99821846403734,305.36521981304566,1541.9128661816756,53.363847374319214,98,5078.363068903496,2.207087162778175,63.23050217552678,0
Type A,293.1986685889093,303.05002544917375,1809.7930155220074,54.63278996737953,141,4053.858196350319,2.498316488504935,68.81166175297103,0
Type B,305.17784755889045,311.0967943904168,1477.2759649794652,42.637469823406605,73,2653.9753844671977,1.712778473661407,48.04836300483872,0
Type B,305.7354016794182,316.1406299000313,1508.3116290861653,47.08793601905235,103,5029.353454106815,3.246040633024908,49.828316561353446,0
Type A,318.22538409125286,323.9144386590638,1930.3942293242287,47.67449208744432,88,2144.8766002950274,3.024845826010854,57.66770066226902,0
Type B,297.3672706660829,309.0642632159037,1905.481031988808,53.95772152812251,26,3765.3361653551547,2.9834404836795505,50.955798004648386,0
Type A,296.7934273883231,306.87073708299266,1497.9560482691693,47.28068525431725,196,3987.784645752215,3.315877486782847,49.68537771843033,0
Type A,305.38276110101623,320.98422476854154,1386.6121056735958,26.723117225614313,222,2618.884416799559,2.2435951871831157,56.71129424458235,0
Type A,305.733729182385,315.7606673187915,1865.7933750521247,60.09807748971127,123,4197.593051888254,2.318549308092627,65.84593967617845,0
Type A,296.254389926363,303.17981870651715,1700.1045894788035,50.65656889480043,51,2986.1098710590404,3.52592711913199,45.8336239343043,0
Type B,297.1778612614897,306.19031783818053,1578.8953135493407,34.90475794727235,160,4195.142427517964,2.879636861766735,65.48833875445659,0
Type C,303.7879158675263,308.4109702794594,1419.5318224525138,29.703749276425903,133,1660.4045074137912,1.1684669071935032,50.976615469919786,0
Type A,294.2069103148574,305.83145933367916,1582.9241446786484,45.048134304040836,137,3834.9760902288745,2.7728925853822055,57.42054344880739,0
Type A,297.1262620838949,309.485663069156,1494.5728850280743,37.21739961632421,148,3087.893327306395,2.1509811635382423,66.13595504771303,0
Type A,300.62714937157904,320.5039335183503,1333.915455106751,43.299953539989595,179,4649.703782967822,3.0389030947939943,57.277265146114786,0
Type B,306.9715707937558,314.48422683133816,1532.2605821468087,47.434068412782636,10,3456.0192702290497,2.744914281652104,52.91756266260568,0
Type A,295.7678096867432,304.69663139204243,1566.3560114099018,34.335581120032046,24,4749.229533720119,1.4556743415863207,60.027229358863174,0
Type B,287.1033087657853,294.80027466803244,1406.1512332699422,28.838920073156626,23,4007.6127650330523,2.6612981022972866,53.78783658367291,0
Type A,286.58381772737255,297.43227253189747,1725.9564221523794,43.85818467871978,38,3372.4915409518426,2.6263766363509644,58.6494573471623,0
Type A,291.18410853305704,302.7108706709755,1822.2080980777473,34.66612144723027,242,4287.669309614295,2.718077491878872,53.56723301135526,0
Type B,290.8078259726004,300.5943265948864,1742.4744234138532,41.46095785732398,182,4294.058464527122,2.8453173111479853,61.028070278923266,0
Type B,298.91772468966064,313.2630283571528,1430.9379036965013,26.56673563037735,166,3971.910004491214,3.397579575893039,45.24037815214849,0
Type B,291.67783892481674,299.20992090979763,1688.955376047093,37.478172755253624,174,1207.6986253748164,2.748333393768579,47.90534863134427,0
Type C,295.08071528125157,309.0254114728144,1519.49034936501,47.14951891039997,8,2517.439509235602,2.5137390762846787,45.13750102592438,0
Type B,294.5813988051257,306.73539021969,1191.063505358512,46.05932507646797,53,4884.105846505923,3.188780532512935,54.60499399562562,0
Type C,296.91644497406406,306.86832529446826,1668.1823446244364,32.11642029126732,198,2244.054144564734,3.8456444341538605,44.29323246833161,0
Type B,309.2575303206619,317.99778375763333,1536.532910239237,28.317356306819484,115,4382.461150065807,3.0490424525008537,50.157178974532265,0
Type A,304.6336331260136,324.34030416093907,2148.3870005173267,40.15763689751792,127,4206.452656779669,2.623723676084854,47.247439768018346,0
Type A,300.11290590693204,306.8448713039637,1864.31771581964,45.61032797019409,187,2774.247638417971,2.759518329861351,65.35773360677177,0
Type A,296.7728160359341,307.96454874380777,1677.787539233631,44.05175140192551,18,1504.7683728832756,2.653626255638955,48.065237534769125,0
Type B,296.9673714036389,303.9664951226703,1562.2926253220448,34.878401556386905,199,2931.0874020520732,2.5111110491639965,45.994180079536605,0
Type A,302.29422528966364,319.4367082841489,1540.9305637645045,42.978244424866034,170,5578.015043633011,3.799102498903828,56.73836973636038,0
Type C,304.089183513466,317.63648882866283,1249.077649091723,55.023554712759946,100,2636.7227077906455,2.0505679754101407,66.80774808193162,0
Type B,293.6466774572958,300.93327794193124,1065.2531932000225,42.05144687309028,124,2705.7426554007297,3.1929434969456194,54.1875304452802,0
Type C,300.2553652892996,312.3057452630245,1281.8602227296087,23.6685206418138,18,2502.4175896901734,2.424485834379656,54.72896485466055,0
Type C,285.7786630193588,296.80944590446506,1488.0707454573924,42.03200338100642,51,4714.784476549519,1.6117484979167656,64.03530222754934,0
Type B,301.48199648919416,309.4154974412952,973.6151804477539,60.43956971212609,61,3257.0842883748937,2.387009353848096,61.147605367515126,0
Type A,305.3350446937108,318.3677015626235,1363.9195519318127,27.126091868844043,219,2874.093771050861,2.171934499747651,57.97790489228325,0
Type C,298.0395196118339,309.59674117625156,1438.0967417188936,40.297246618290224,28,4913.474017195351,2.8465463910505955,50.92361490119865,0
Type A,312.71568897298073,323.57848382852455,1446.1433616286356,37.73664566967866,72,4079.4940879355368,2.5547801335951426,58.19170534400629,0
Type A,293.83133086794766,303.66365202297834,1334.5691004529638,40.95882959275064,32,2580.7097582897404,1.8867838818112186,45.47451133253119,0
Type C,301.5220829071228,313.24630087752143,1414.62154640465,41.942521531537714,71,2276.4160889382197,3.3826047480938293,50.63427115425181,0
Type B,299.7492267733383,310.6667774193081,1930.9734570309654,51.39971986062925,2,4658.169964879973,3.1540804026854348,65.02023855668675,0
Type A,299.29791632789613,309.5342896599962,1665.5363203726508,40.847832864008105,68,3516.788163741716,3.451633319257841,64.11394879318786,0
Type B,299.19974482396674,306.6356811600165,1359.9248057754626,52.77259557212047,180,1950.9359801438873,2.64217879844087,58.06239289534763,0
Type B,300.7497352100663,317.5248001731163,1482.9130529095091,38.82344341213518,191,1716.8843131064511,2.4785601590315856,41.494523950363394,0
Type C,305.9357112042459,311.7340314308517,1492.9216660869333,36.49863226025367,94,2383.9612848002416,2.9221362895711724,46.54244930411795,0
Type C,309.6441536539232,321.35469852944215,1308.0111415649621,33.308170169613945,176,2260.5154118969704,2.153514987447459,50.24369299970152,0
Type A,299.9842482884709,308.70328531926515,1307.7174455640363,21.829129708798472,154,1453.9230290985636,2.5780357328319017,53.79810678062898,0
Type A,305.7072125052014,322.7454015829986,1752.6310050816783,42.7578141192584,225,2400.4930133515036,2.3945932604071807,46.24712194645826,0
Type B,295.08763137613255,301.4737012272372,1395.053905620796,60.540002884718426,201,2580.919438356146,1.6233794096860477,53.275803934924376,0
Type A,305.3616881690836,312.42063512204226,1226.325903242282,44.582354772858615,57,3037.3187116154295,2.5764733029034432,67.37106666708749,0
Type A,294.6660593332111,300.7867870801638,1489.2149139826392,46.867473541616796,147,5192.910045127713,2.235419864954019,57.80585113801071,0
Type A,307.6346195526169,318.9284797564194,1529.502438282281,35.86968674985545,196,3233.1567279017263,2.3544687015890178,56.531786402727256,0
Type A,315.47448614175266,319.9822835034781,1006.8239439515412,37.556666087263295,76,3332.4251622557854,2.7182709673899725,47.87711206687058,0
Type C,299.14541278420023,307.23129880516916,1489.8134105457018,49.84641488333262,143,4009.255363798942,3.2635198803919754,43.527106493012454,0
Type A,284.6521955643481,286.042732272931,1716.994983587065,60.0869364028982,100,3262.68192893344,1.990737945671213,46.40262502119873,0
Type A,296.16348946728624,307.1251748837986,1612.8073463804583,54.879479357968194,77,3900.152963886708,2.298065070922386,43.24427596371293,0
Type C,308.62312594002515,316.6222665050001,2057.4487787987428,48.05244629728022,49,3780.614876951733,2.0409503821841137,55.52524683569057,0
Type A,303.87153750917673,307.91931053344933,1812.7773705780448,40.35150579390509,8,3622.5885655992433,2.001891647320605,57.687200630851514,0
Type C,301.74239519072523,316.08483280262146,1862.2335061877134,42.09718914267324,187,6266.466084418958,2.1432586338101367,48.242970330264576,0
Type A,307.06067849168386,311.8300108981441,2200.0214839785817,32.464926805717454,204,4411.125844044352,2.382129830310883,56.03543537936403,0
Type A,303.39117407473896,316.5789488348518,1689.5390654436494,25.51832478697343,162,2418.278015293269,2.8515229941265026,65.28295671362599,0
Type A,308.52407631215794,315.7199130162067,1540.7675519831753,28.73201642240059,60,3870.222186189164,2.692267458870903,68.70388139643066,0
Type C,306.4359657365289,322.8422512481106,1743.435073357833,40.498000345219374,4,2708.26319334028,1.8658858005500503,60.39287245524453,0
Type B,310.6519031691587,323.65010532486326,1360.1908916512516,37.080077385733226,157,3946.2507640598537,3.2764961943502917,53.7761164722916,0
Type B,302.5115725873438,308.4793811038477,1526.9215798737423,25.305582952803153,49,2124.81258289173,3.066647383886223,60.16672970713379,0
Type A,306.33681581045767,312.66848560161645,1338.0680892304215,39.62676620950264,137,2392.220551916021,1.9592886096341777,64.46266988574573,0
Type A,297.8501104883995,310.2722113092967,1599.4961393907204,36.815696755340554,242,3843.907562490127,3.234466535151736,40.94940303546609,0
Type B,295.789774319087,304.74026179624633,1337.022727995045,28.2715114471592,1,4497.669113598025,2.6961630475577656,65.3744832645749,0
Type A,311.9473734829328,321.2700034548473,1328.2678750345706,36.298209893799296,144,4002.644348753013,2.4061268182448523,51.18789225584856,0
Type B,301.5134327342588,316.6023881813472,1603.368323276376,36.790469992836556,248,4354.117334535218,2.714848026687587,51.25525931543757,0
Type C,305.6341639610367,312.63940846755685,1465.5721398048581,33.83362860075533,83,3873.818558763846,2.4845375226246866,52.51550419189857,0
Type C,300.8661801008797,311.23135518958156,1018.1197160708132,49.2667016477594,203,3672.496099032332,2.827047192688844,57.240588971430284,0
Type B,295.89439044356027,309.7129016181695,1136.1107696719776,20.97098437906688,207,2996.3067257415632,2.6123893138787,47.221220224108635,0
Type A,300.0768802480768,313.3133502016192,1213.1833771346342,20.14201009289029,121,4313.001808716797,2.2975443686366783,53.00630175716334,0
Type A,310.051958124374,319.4135074542913,1279.2570234715065,40.03285784449092,76,4524.879232826641,1.28450394450317,58.676940445485236,0
Type C,303.886680519956,312.73105699654536,1603.6058323696595,40.96127189392306,170,3436.884308670225,2.8163095243791556,56.52999874491795,0
Type B,288.0196878818868,291.06442603180307,1554.734711767909,44.042151360189735,154,3383.073958221342,2.2758068329679597,57.665701600530284,0
Type B,298.4932888039669,304.2683088333061,1766.3198429247998,34.61026491720906,119,5091.405811722237,2.9667679657871475,52.732219013331395,0
Type B,312.476056548933,323.7494934552319,1688.2004557354428,30.820761949076683,48,3479.5782201837774,2.789005037365432,59.855969667238604,0
Type A,298.5034219670503,307.95189321128134,1767.9757390456643,39.926838673050526,186,3575.685870365969,2.2914014733063945,62.39491285401999,0
Type C,287.39664915786074,297.69635747212567,1652.0990478647807,35.584218646520036,52,3984.225907752895,3.113792914646401,61.97507518513898,0
Type C,313.2513421979578,327.40835663649403,1552.4198272728725,55.51071404655694,33,3402.1937440458464,2.6229049971019425,57.99327162990195,0
Type C,304.77674756868953,310.0274551324404,1774.837935571914,36.75772750074808,16,2679.6596772569046,2.5981857084268523,61.57224826106575,0
Type C,299.50990998831037,308.56518877937975,1729.8531979350248,39.46814848282922,111,3877.9655755235217,2.4171335879421147,61.097424088803116,0
Type A,297.4000758474255,308.1549197010704,1594.0238418884978,64.75418139597943,30,3461.2449899776784,3.5101334273438787,73.73555534678903,0
Type A,307.57646350854213,314.75982375824407,1817.7679677150356,38.05239773269313,83,5342.249756474496,2.072039962542605,63.52646949034096,0
Type A,296.2061161984167,311.93202465412634,913.5529393741508,45.56156865199091,60,4288.448550292376,2.306395277524567,54.37879104355303,0
Type C,308.0377949716119,321.6721421780645,1427.3842064648875,46.46309433386353,114,2904.5177135569984,1.7575989129520022,48.61824498857192,0
Type B,303.7953670000698,314.9559003084248,1423.5523835870672,47.31401643718215,194,4229.060219190375,2.9360386463947035,53.172018216686226,0
Type B,301.71277347841146,318.8897005957258,1788.1707193703926,42.894872654112525,112,3807.8658347309797,2.150710596185396,52.677506010800144,0
Type C,301.01860363734914,305.0230225189086,1892.8487492376923,41.938407944105094,139,4809.426301945513,2.217978650964207,58.579957974081076,0
Type B,298.77522374300077,308.74431861857806,1137.4551574474344,41.00334289837116,35,2975.5457871709605,2.1898380207056913,50.098206283674905,0
Type C,307.31948084146484,318.7848287172011,1852.7917935373189,34.24006097766227,28,3688.676148359524,2.5376331496374327,63.34524020064283,0
Type C,293.94260017528717,300.2843799881115,1207.1387034934328,43.25518802839268,244,3400.9063509075077,1.7495442492045123,45.27305895873293,0
Type A,288.64652411218856,299.84938227945946,1214.6961886097943,60.28645837424592,154,3558.4794230582993,1.1540528403386434,43.57232404578509,0
Type B,304.30108086024734,309.8747508850958,1441.4285744181589,52.10681908963558,3,2614.8010509960504,2.7746224224356633,54.05418794452256,0
Type C,304.41866829647006,317.1808975695671,1420.448381966854,43.039180222246365,141,4075.9116679131766,1.2318653762777738,49.10208665563142,0
Type C,303.36168806758235,317.593027140098,1110.3956800707808,48.5582979810599,2,3917.964275849497,3.0124826703864276,46.19236302210992,0
Type A,302.8540985873263,313.94343219183963,1662.4694933731416,31.308240912693478,19,4785.223616921795,3.4351166497210883,50.5405103149661,0
Type A,297.7562173516372,300.3450260913774,1669.8506061816506,37.394878458002815,93,3489.9741480132193,2.40146571763898,49.66959919644754,0
Type B,305.5123789306987,311.6452048460345,1763.5103990409177,49.47849844184056,164,3088.160491751865,3.279695768032294,55.070940318639536,0
Type C,299.6810931127182,311.93993312557086,1391.6361675555338,54.87167193458191,155,4289.2943779440375,2.4854461482740686,50.65670448180017,0
Type A,296.59020507429375,306.6749996483432,1490.104321256888,32.29133827904622,197,2705.795618400316,3.459544695446722,51.22605949224949,0
Type B,297.8167608142122,297.04075034344226,1492.3932087743394,35.16411690576843,44,4584.984535083959,2.2262692887320736,54.96593997245095,0
Type A,314.1444778914308,329.1157994269038,1921.998860367116,61.813757938785365,47,4582.841997413703,1.081070914341327,62.099690995147974,0
Type A,287.855167425682,298.4017934506973,791.4388043416955,40.962612497689726,133,4757.278901134408,2.4520529535360986,65.29521825842153,0
Type B,303.4985167300706,310.22221807407044,1260.763912752724,58.233619727003784,217,3876.6229846794936,3.5247779160464434,56.034372937388454,0
Type B,288.246227006634,302.22604939690063,1501.3852106979493,42.06857317275792,180,3013.503617402234,2.820980983564251,56.57880183139364,0
Type B,299.2423666317392,306.53220658011156,1228.6074412711241,42.46180282325435,167,3609.1877263053625,2.190806062877294,53.71769087892911,0
Type A,296.9646076039207,304.2107991335038,1435.4199106822207,36.94509112340103,23,3880.0688950792064,2.697340701570839,58.36874034041355,0
Type C,285.4048019232409,296.838212527297,1468.4811159075227,49.42555141510229,219,2939.858354812124,3.0826749030715317,57.73153552408897,0
Type A,302.72326313303637,319.84741697000555,1335.5784728018828,53.57777550304,246,4833.1162889252155,2.4486301366513175,64.28093378161888,0
Type C,297.33973356465464,313.83408227654616,1516.117231525668,29.64997769859133,145,4080.084167568543,4.075834051205428,41.779067595912,0
Type A,285.3055556020713,296.7444015976877,1657.0373194394533,36.475494477795635,84,2607.777044677995,2.1895492260883076,53.358515794014544,0
Type C,305.87697663541974,317.72651927082103,1440.9333887422495,49.150785243742206,165,5382.873676465777,3.1015064332268487,57.37432908389351,0
Type B,310.04504324592256,323.21103897426184,1386.701316507816,38.70451362215672,160,3597.389275170177,2.9571623418890796,54.81601229720522,0
Type B,310.430870396076,315.40293569459857,1458.558770836532,35.0661453146679,232,2405.896957150014,2.0801035451811654,48.42578877532721,0
Type A,302.5126950845603,315.08928843316824,1498.1409133386026,50.09542153869402,27,2669.745877252726,2.2453358395913963,45.90443324531666,0
Type C,300.3224069700398,307.3861130974657,1064.9201086663945,51.03453204712511,128,4987.783597165345,3.110859188487619,60.64425698220204,0
Type A,309.29709634627056,320.5710086134569,1615.3884794903197,35.50357909327862,177,5324.984916216821,2.586872732562545,49.7015190472251,0
Type B,311.77668509738066,320.8668145869513,1387.2496926383014,42.123665279879454,87,4509.485053480918,2.7028430360363638,42.71569655946078,0
Type C,307.93498092012936,319.9398142285862,1815.3837687027628,27.915252040957668,210,4819.308648587135,1.5184195877773856,60.996010020069285,0
Type C,293.4092367843914,303.8816506444172,1647.7633689106187,31.04519089521301,16,4716.615458798611,2.893599193097261,58.21288030312246,0
Type C,301.40941397250447,299.11729288921924,1792.5166010549137,41.2416523213338,26,4056.9161527640663,2.672378106449541,54.18888131779235,0
Type A,303.07661301004,313.7921798568607,1247.249051571273,40.314067875798436,197,3829.0417878109256,2.4616539864153077,48.5981388506728,0
Type C,287.3326812175794,299.90129302677644,1407.1533397031433,30.331239082693656,31,4039.8631944766075,2.7165351178354458,54.205909896406546,0
Type C,303.2855246173454,315.0692380106992,1189.3853781356477,32.84026075274424,104,4236.015443143295,2.25446937572545,63.509113203634435,0
Type A,315.91094278185574,325.5005989970214,1323.7021977676684,29.349556300444405,70,2758.4019934736016,2.1448584976699157,43.697104997798405,0
Type A,304.4795531606055,321.04819992832716,1813.026356127148,44.550598569132106,172,4231.95872931211,2.354868681016534,44.05215668282284,0
Type C,310.3138915700923,321.559384086579,1871.8726444806239,20.323608033081,2,4958.616847297018,2.2214780930090217,50.605642739613124,0
Type A,301.2804031109009,313.03109631167337,1212.966676298885,29.88422770439804,89,3293.6275716709692,3.80831773662592,54.813494192447564,0
Type B,299.48747173211325,313.6654393083155,1385.4305829206792,21.37058452167679,246,3186.752214678203,3.047122437306154,51.52595671481354,0
Type A,302.6688997305668,314.1192717293532,1480.9510819940126,44.1902060385798,92,3976.5463092386663,1.9189186456169796,59.49971602616914,0
Type A,294.28921346410897,300.69714245045213,1646.4014104524454,21.972664499452986,149,2850.342449591864,3.7217776013565054,62.62183761113843,0
Type C,293.25357368935926,293.5002240342408,1060.047434115877,40.3172919853554,247,2183.1813833724937,2.2402860331382124,56.951381422252275,0
Type A,308.86413190018555,316.9556482921132,1099.2499796178904,56.395240157474234,151,4647.719040105178,2.517673220478571,58.92302640629273,0
Type C,309.60639640006565,322.6501785035901,1622.4065359681006,56.73433981270902,188,3049.048739976567,3.0384503169587918,56.90469686416571,0
Type C,293.06225579088857,301.64987046521736,1012.7403577705189,21.940924308211788,239,3518.4485787202093,1.318006873661431,55.06655663640723,0
Type A,306.77599163187705,319.98070512100395,1388.3006484652824,42.98409601630956,154,2889.8749589919344,2.3577844918354187,45.945089101297135,0
Type A,299.39128017075785,309.9861928744389,1540.5229521397102,30.11028703619545,208,4776.754814912999,2.1559996894196995,47.804058046781606,0
Type C,302.378660021433,317.53092430248176,1603.9164924832794,28.06863964289742,127,4353.1761582840145,2.623048047726481,45.54357066119651,0
Type B,303.2215304760454,312.0406636475628,1464.570476114042,38.86530045609926,203,3259.2604588462996,2.7220298099592655,53.960466435272416,0
Type A,306.9604532768702,318.83091258314096,1408.5608202381172,52.282911569331254,160,2320.1026352372483,2.453644380800589,56.625946218780605,0
Type C,300.5790274130423,312.60256767118375,1711.1427149291198,45.996588742203585,84,3153.0701951417996,2.425811621092607,44.855163306530365,0
Type A,309.87113396711356,325.87754145763836,1571.3014815914394,32.84859071517119,139,4070.1526999497137,3.1390788235812668,55.50816532971405,0
Type A,302.1658898783195,305.3393406529824,1338.2458445121351,47.05033997410003,83,3688.635704079765,2.6808915582004227,48.87348570217854,0
Type C,304.3692899072867,312.5356568090741,1509.4307241705596,17.562916681183207,99,3609.098044451987,2.524855006031166,47.51560459524199,0
Type A,294.1671618592393,307.5612262807933,1595.7922556640483,32.4705420156676,72,3711.6987594698116,2.5887223548760834,50.622554084075034,0
Type B,315.11061307493384,331.29419899404843,1929.5593103628453,31.76108455298749,122,4258.79623149816,3.6015333985181313,47.15666451158467,0
Type C,303.2887744624348,314.2490605130031,1696.5809170728949,40.783206917389315,86,3458.140795934956,2.6036043861904634,59.246613825715,0
Type B,304.9909819774157,313.82016531972977,1803.639213988486,37.9717203634,156,3950.0134504595026,2.1913308970205767,53.82396907365751,0
Type B,288.7426993215192,301.77117279621694,1347.3481509250926,38.58528906380115,92,2513.080792254902,1.3546005468333646,60.70649839891311,0
Type B,294.2410858384463,307.71589653937303,1368.9542734362494,38.25280469893861,122,6053.850776975325,1.6396375755790278,51.89552553525611,0
Type A,308.66518581543113,317.2265391007619,1441.1550017967525,40.22407240989087,35,3216.1406806837454,2.2197844629521435,52.1601975668142,0
Type B,302.0082378280482,313.3294670767584,1464.106838340459,45.40130966958224,96,3703.5930078839774,2.4349738936275114,68.1136784856942,0
Type C,286.6035418561975,301.3256509058454,1247.9937605492773,41.49331026102383,88,4066.465524786211,2.1666271242338566,43.63857669823763,0
Type A,307.26802950288675,324.82986547598455,1816.4834066392045,37.156481833954416,240,3089.2094875994594,2.7106863862274855,63.991368703937894,0
Type C,296.1935203695309,309.1639402064721,1720.837909439698,44.01748279804782,111,3507.8247942494627,2.158895173295015,66.58166826352078,0
Type B,309.879218901137,320.05577448779934,1423.580534674623,48.26123543652764,5,3495.675274656775,1.951306437918742,60.3607224738305,0
Type B,299.3851502497741,309.16884954562244,1660.4276622534635,34.43974109277371,77,2585.961907426623,2.867586301214448,52.68670671440283,0
Type A,301.4329468021437,313.6625330309182,1555.7247907509595,39.40597269327324,182,3938.5894255396383,3.3216366981268077,64.98831450217818,0
Type B,308.2526820501415,317.7899906802237,1679.9569952328436,51.61906563046586,41,1850.778161741269,1.8356994413520713,52.747670480770005,0
Type A,293.71754920401736,304.4761112001069,1163.9232191185924,28.972393227326435,40,5252.708442416614,2.646229518224687,50.05950090002495,0
Type A,293.05007234516245,298.81856728703895,1463.5847317006412,58.04702196255944,93,4292.970884978393,1.3569972051077093,52.282121590658356,0
Type C,298.6245110572132,313.81273984317784,1485.4903680235511,26.608450252604246,89,4139.122357653377,1.6152771215637043,51.008643826170236,0
Type A,305.79020959734856,311.22947068875385,1655.9105249029128,36.546353887952634,120,1763.357887566758,2.1467405032136964,48.37363812556293,0
Type B,290.6838592317056,298.95541218989354,1342.8905997044667,30.49810003123988,8,2707.471326706979,3.180946259426316,62.77005483876275,0
Type B,288.3237578007763,298.71413084418356,875.0173189794009,61.87926996869377,180,4889.345120805054,2.0327763821767153,49.58586153164752,0
Type A,305.7660464893065,323.72999400886107,1229.5750705792698,34.966499711528485,53,7651.241397039601,2.0103397151406703,54.79247107755039,0
Type A,295.779151812031,304.08841987262167,1484.738003572273,34.99158843471467,177,4694.692465057031,2.5216523691366697,44.89359677420837,0
Type B,297.254417909558,304.5903546537164,1515.9710563758329,36.29251260060081,141,4536.943410250951,2.5222501666899104,55.21567477224434,0
Type B,287.0023271864188,294.79905951708366,1920.9370306562462,40.956028078939504,50,4024.974228114188,2.028921116347198,46.908517690440824,0
Type C,295.2471447995361,311.88273346998136,1645.6866101645248,36.71558221095489,117,2652.5028042898293,3.691732940357943,46.73659923952337,0
Type C,299.94702892358197,298.69764094955787,1520.3825698078724,38.671131953776005,9,4495.174083200331,2.340781976130776,54.23498462932742,0
Type A,306.51264500336026,312.50169295476593,1491.9021808046407,4.707900469762627,175,2398.792662903071,2.568150989450848,62.39880585626655,0
Type A,294.6013888363575,315.52654367299573,1776.0458455424232,40.57159836001827,75,2289.4148348601466,2.258932277373735,58.08289581417857,0
Type A,311.60163284162746,323.96516113559403,1352.4723869606405,40.17806621486645,95,2226.4706745615104,2.7639829372907077,58.563842702929314,0
Type B,295.20810783074137,300.7841680333845,1464.9290530648502,50.38568797412394,39,4475.722646501593,3.24097453582247,54.09057974014695,0
Type A,295.21835738890377,305.0506854602047,1227.6854699654245,53.09060948279402,91,3442.585945072498,3.4981982181727433,52.65051814394638,0
Type A,310.7615028632846,321.03132112755605,1854.726512173826,38.122919386082025,98,3600.8580999043807,2.042640594841672,60.53798446945965,0
Type C,301.4802210665474,314.86472205016986,1598.1247342504034,48.16229081673956,56,3484.5960629493156,3.1604771057807275,51.057759863754384,0
Type C,296.13582689691896,313.49383490820924,1323.1191759990136,28.984312195551936,244,2374.283458801775,2.8298084917306108,60.84103908113387,0
Type C,298.9140680817358,310.46827480685266,1471.386247420423,47.673423426961044,69,2829.269093982596,3.0847219656760467,63.651628572538414,0
Type A,309.4715150427944,317.3123618307426,1627.41269080157,34.27524200865423,45,2879.5737937465474,2.4448724363843213,49.11029251916956,0
Type B,310.26341973737976,323.4117575057726,1437.3202718194311,28.153025318699452,137,2094.7285527746394,2.387775536030692,50.138881530567545,0
Type B,294.2824477451082,301.4894369576567,1366.38234457185,38.14411321795949,79,2995.789904699649,3.061428787428396,51.18013145509777,0
Type A,299.7029633294462,305.5696133454901,1336.431578503917,54.004724471977795,113,2418.693543603761,3.0728155036337723,44.73126161972611,0
Type B,300.631097793673,303.59146230584724,1584.7404748102788,41.810055367308465,181,4077.6756288669926,3.4394323383171317,51.714180878563,0
Type B,293.0963192263838,296.8358056483822,1410.4864301973287,54.9648814767838,19,4160.971063966824,2.6191285332702936,64.11014816053654,0
Type B,299.61020463145,306.0244240069529,1386.5605663093133,32.512672861841956,127,2206.36087736011,2.435851223419146,47.68097120365257,0
Type C,300.0372600231619,305.3261009523584,1165.9845612361487,50.4785110454799,5,3203.3682357519992,1.0240878520034775,64.27637276057764,0
Type C,307.98146635255716,319.234412462056,1519.4101441317923,33.478399627630544,10,5356.0598813167035,1.5332436772027993,51.96588879432846,0
Type B,308.4519751981784,313.6543678948822,1454.694140302023,42.253286714892035,23,2519.237102321707,2.263449036889964,69.79824945971927,0
Type C,297.6955342114869,295.12086900338795,1419.5879128395088,42.16682828659415,40,3926.6378177950655,1.8393646412522708,50.22730854279201,0
Type C,298.5023279929743,304.32668089461646,1549.6926693721796,46.61491733924173,87,3605.5219340028843,2.988478339259948,53.992126351244885,0
Type B,304.65004611438945,312.7626075235038,1687.0005656839744,42.50740619911328,233,4592.887557840907,1.7139874230526277,48.6287185436532,0
Type A,295.9036808575109,303.48188290602303,1675.391367985117,32.60815462178183,226,3795.4668413574063,2.1992174029898273,50.186094584899216,0
Type C,304.12048106216184,320.1985797793986,1638.1821252249406,48.80306952092564,25,3068.7045220762498,2.222784104116907,64.36725416800874,0
Type C,299.3846545884155,306.93048435125894,1439.8324303410698,57.31656594325394,247,3566.764121472885,3.2228458500396675,58.32175679597286,0
Type C,293.21420995582963,306.7379038086264,1358.2504160146896,34.161965777438816,158,3581.369943953736,2.1350567505882134,62.20172445424215,0
Type A,293.3021430098425,303.226212611119,1239.0210896693907,21.647679235549678,138,3408.3048177171763,2.771447270828793,45.79087489306977,0
Type B,310.1294108722177,319.96019196952733,1351.7108731654796,44.993195683537884,198,2180.8885446759823,2.61742367651363,59.58379917210541,0
Type C,298.9050496459969,305.5635284906047,1504.9125237841424,36.68819605947851,121,4743.088607597892,3.0419730912683676,48.1998967829567,0
Type B,311.4824786572882,321.2473480509651,1303.4284695868794,38.688971440447034,66,4566.433587864325,3.010129031269888,45.63877040877003,0
Type C,296.40454617499563,303.34416166740596,1524.0142847793607,45.56177755731012,132,2455.8109731301424,2.4799359322782735,56.671362971974894,0
Type A,302.03843640792047,312.7185336649388,1258.635830522034,35.436075701744016,181,3199.2743678162465,1.482223292435692,56.599768333879894,0
Type A,316.7487370611277,325.803738530633,1084.7520277482445,37.31148028656329,170,3274.914330645784,2.3609554680126226,55.37342050409405,0
Type C,292.598292787357,298.81978105459063,1704.8515302161989,38.998804830634135,42,2343.4811995004175,2.4880266132807085,60.02290888839366,0
Type B,286.7152985007016,300.68287585950395,1381.396351158539,54.69753937985016,234,1633.2037322377328,2.671605539891667,61.11496422343574,0
Type B,309.0061309190106,320.7134928390963,1290.7415866940273,40.300696041135815,71,2829.407348087664,2.057466912867514,65.28810537435591,0
Type B,294.21233626224847,302.42008532567945,1226.5382146756403,27.6432641918504,204,3143.597659748808,3.184540671045168,46.66759901185915,0
Type B,299.85505545125636,310.4370276393976,1605.7589936826,28.04121518858885,77,2058.766666635981,2.5081716509889955,65.51411371815158,0
Type C,295.8985725268389,305.5632824408311,1843.726927866992,41.392299216596015,15,3676.977764085479,1.9477015913127245,68.17618042786904,0
Type A,301.8771394666872,308.4067757176341,1399.231534748464,28.705719993090213,249,4662.85630331634,2.2250632967549917,52.43638988483576,0
Type C,293.3462465496998,303.62823146578444,1446.1091563343546,24.376965130758393,147,4342.116146165268,3.657125592380098,43.32055821848776,0
Type C,298.74041938481685,306.25637236558737,1767.9079599722681,46.35535990934011,53,3373.3143468412813,2.898626735767899,45.31550760851617,0
Type B,303.14870728589574,309.3689719434153,1047.3885739104219,46.84498402868645,0,1659.5883034788033,3.1290739333386424,51.76704033346402,0
Type B,292.94183779608016,296.45076847501406,1991.7171607281666,36.318634661061466,32,4215.702340659048,1.8750478181719514,69.09899113215195,0
Type A,295.0994117924788,303.6649823783243,2111.0250755815923,42.93659291151709,42,3646.392169064558,2.0867021846897194,55.11956000142225,0
Type C,297.5683201648103,309.83620280314517,823.4156176449793,41.881216441955004,231,3924.3511092180206,2.091146616471253,50.67971118273731,0
Type B,289.99829196041605,297.21965454690064,1475.6241927708109,46.024193859690854,44,5436.102800302514,2.610636242553173,50.20218419149892,0
Type A,297.04207312040876,317.1249078890406,1320.263242032609,46.04749903939799,40,2675.1883704693464,2.3955989013486647,45.740943724959465,0
Type B,300.8315757793203,314.3743183939312,1433.8070572738166,13.942114124727741,209,625.1840668779573,2.2063033532457874,61.12203220776273,0
Type C,297.203157408881,312.4204779395229,1395.4037325960192,37.595010415176056,219,2446.545422190243,2.2815582444979277,54.35551878696641,0
Type A,298.10036454947794,311.28133659777296,1702.9397746198397,45.17904188178133,52,3986.045068267821,2.023578887994958,69.69880656833703,0
Type A,299.8606883036539,317.27214820340816,1471.8575232580024,35.89543408960986,162,3526.9259017480404,2.392096427859154,59.39746577498515,0
Type C,295.40979576297383,302.2617878290837,1272.2731964500108,40.36202639259827,133,2284.3638704013183,3.1679293503002484,60.80955421240089,0
Type A,304.83743796106813,304.5944884184336,1456.953709676219,47.50699981678078,144,2080.2826168235697,1.5921163890701475,53.305266184801255,0
Type C,310.0518468736124,318.2673444402009,1628.6960592406024,40.80925233252162,77,3145.3909841826044,2.707887660181138,47.36278763278558,0
Type C,296.7493372546319,308.98221155682205,1204.0696680586796,55.079194172348664,187,2253.9053301181943,3.328055616927774,48.88493313769574,0
Type C,303.39638762034394,314.00245550733587,1088.441577757505,51.26986252281121,220,4020.633418254525,2.39008774086066,45.415271392776425,0
Type C,298.3226799119575,309.4245703558286,1998.18570020883,38.81435847028566,181,3088.573111373731,2.1826743825124626,61.37276303872664,0
Type A,302.5584114152695,317.842051425949,1339.3933300728909,38.019538292752216,225,2872.882115668288,3.0545388915703535,52.305593689278794,0
Type A,310.9604567184228,322.48868701627276,1465.6617532701193,11.496758947986354,27,2741.7235970769934,1.909466873878694,61.66750377714446,0
Type B,303.5606168011267,316.75626851149076,1400.5511485436068,36.73497803109474,164,3763.122726580594,2.4863850820367617,55.95140081615295,0
Type B,287.5860982283322,293.8278472609212,1637.0219260205356,26.467311072894734,249,3542.6092237600355,1.8760935397685636,52.95027150960688,0
Type C,303.1779694201287,308.79639466326455,1943.197480772761,42.21229542000623,133,3701.957269862594,1.377939417985432,46.81278015522015,0
Type C,308.6300462031631,325.08650189526105,1644.983460432321,41.52870711120002,235,3680.1294438058117,2.4088094411231227,57.11142913073874,0
Type B,298.44882681001326,308.85243295060155,1120.4087131150022,46.95855756026778,87,3427.8044634032935,1.74196296203981,53.46956888487244,0
Type C,306.96944364282484,314.47652690904033,1153.9691432478676,53.96670471948191,224,2466.8694165419092,2.4929976920024988,61.31528749568795,0
Type B,295.1691912119364,302.6836132377479,1400.258806168271,39.73730570328031,234,2769.619873268738,3.169017774628424,49.99212526887081,0
Type B,289.60122588334406,297.00473339679104,1432.9417001166833,62.80416311923196,155,3105.325094861063,3.612553244007774,59.31275441447925,0
Type B,300.98818313182846,308.1523470476451,1069.51218261335,42.32451445219904,176,5565.195238088322,2.556117570365925,66.48593891355776,0
Type B,287.7046629547758,292.57207174436115,1704.8352300436102,26.89783606283367,130,2151.1636795831882,3.1115294991853597,56.907891402618034,0
Type A,298.32160290974485,302.3199213008628,1228.4198605296303,34.3792812488988,79,3081.0234966831094,2.73937759006398,60.49704016919317,0
Type C,309.0078958385185,318.22787832790084,1873.3253905314389,36.27253299692178,134,3598.2670601104887,2.2701318316749646,59.003231723243054,0
Type B,286.631659659776,294.2599561784944,1955.15814930143,45.92127151153379,240,3196.6672467275075,1.3451341876414633,68.28664039162265,0
Type C,291.0435224286027,305.4721595703759,1437.9366168419556,30.527500997706994,3,4573.9695414377375,3.475895396249271,57.6009229518568,0
Type B,292.77577428386894,303.94808089693663,1609.7431601045462,37.02024117190604,51,3191.5020694971336,1.8705386864313263,59.89971196214857,0
Type C,299.55676098202326,310.6180317023352,1192.0131944789496,38.38959719203913,124,3265.4586008493907,3.3296625468506615,54.7460678003883,0
Type C,297.43998250047656,304.46750087025873,1655.9190816197786,35.51879192344457,84,4314.628513616317,2.8220845775573506,49.579280250220684,0
Type B,309.7939546718726,319.3098410087527,1375.4518941414076,48.114153816797185,155,5310.7116629183765,1.9143923288515845,46.542770200231814,0
Type B,306.6804383036419,318.12444271816764,1228.1911696029117,46.41321388465356,90,4907.498373948328,2.687199017091372,63.86846845945672,0
Type A,303.4669106224802,316.3316935813309,1427.666252936754,51.66567135103959,164,3363.3461158908563,3.779746636771198,47.94148440060222,0
Type C,301.0194122004072,310.64384489433377,1383.5629978986592,36.689748188888004,26,3450.485788267597,3.4213915485182627,60.22105149848402,0
Type C,302.7526084388938,317.0691035561906,1418.7101492490615,52.02527567647902,83,3546.719244784204,2.192372166319331,57.91211641268633,0
Type C,293.96612351280635,303.9980807484381,1737.4199757040897,26.360029140229543,173,3646.9994084625855,2.072811545089191,61.42449741427012,0
Type C,306.0004724748963,319.17186094896704,1303.673101841067,26.11615699010143,117,2652.6518856521852,2.560124822389643,51.39701584191747,0
Type C,292.21569021948557,300.25628138512894,1933.755749943469,27.86198313908787,178,4436.593798855439,2.400691762618098,49.46489059861753,0
Type C,305.8476389573156,308.597285491041,1168.7350917936615,40.09211692632089,159,3706.6091277227865,3.219842431385638,57.648602866698305,0
Type B,308.3029975148318,319.3764334669059,1903.857568294649,52.02378116577756,82,3455.1438111846865,2.943753481853083,52.95360828754741,0
Type A,301.47605221461663,314.37734846720315,1245.8723445233265,33.9785791936037,107,2228.8546234409273,1.4846550390829467,46.38280164375605,0
Type A,298.7665085872662,311.0678979144964,1499.746691865846,35.23306595035563,241,3562.2862084906124,2.7752051532543467,68.56967879638242,0
Type A,302.8021693581677,314.49091600391745,1377.4509716304951,37.83982044690662,240,1606.7876967791947,2.392545423479579,49.460142838262186,0
Type B,279.96937140929526,288.5750235454753,1414.0678321155362,45.728281233876544,8,2918.350655967768,2.52226488161684,48.044571016104896,0
Type C,302.11580752939824,308.8888225236159,1700.3393090888871,35.223746966454264,176,2936.9022935208013,2.6493658085563956,53.305049622744356,0
Type B,299.2065220151213,311.41343509129644,1874.9566993072026,34.665830420834986,122,3786.995193087619,3.219237403165961,63.7700099841054,0
Type A,299.6456032086011,311.35139287339416,1797.6311762389105,26.546047366423096,0,5379.850024945295,3.0866757781276126,39.83285469813468,0
Type A,304.9457275902848,312.70213122690944,1398.7859169145381,34.28278888822879,158,4071.907465665437,2.0501543555876225,63.18918530202814,0
Type C,299.4766175490469,313.91431430581514,1546.0638056011383,51.77461752935333,5,4948.402072635613,2.4648328193861984,48.61968548980588,0
Type C,292.01855200344187,298.48708994525145,1304.4805315829094,40.90926008478477,79,4145.212173103577,2.230887164285673,56.85167668075778,0
Type B,299.01018130422233,306.67608778905816,1252.1124218563264,32.601454897520846,172,4625.053489687615,1.4908924186560413,50.2679512679334,0
Type C,300.47288838856576,317.0185892379324,1213.4247735678327,52.361439727289344,203,5357.1273529431055,2.4343776954393457,68.94341797801404,0
Type C,300.80453738106706,314.2788651320027,1390.6066732539678,34.14786497939813,103,2768.163167697745,3.606852656535458,55.87234060649646,0
Type C,301.13343557099546,309.7013983474314,1562.4014077537356,54.199555794824654,202,2702.8955658684968,1.4727739637501518,50.04335914761135,0
Type C,307.27558331442987,318.4251061530041,1022.0462100621238,54.036069779001004,209,4168.810900477321,2.48556292380396,52.892360747136166,0
Type B,292.397758128761,303.0169271068563,1488.4115743548086,40.560116263746686,111,3496.3215459377543,2.466317112754195,55.62745952431181,0
Type B,301.229903193154,300.2474477332445,1879.0062811373812,25.014504726283125,43,3720.353832806961,2.6726412830585917,56.2437362543354,0
Type B,309.0295078903277,315.4036120924342,1780.4777672685314,62.89500615345755,164,3251.3331078926394,1.9223650255636417,58.07133738464925,0
Type A,287.8577195214396,297.65433305300246,1353.7039808683335,43.87276056264546,3,2903.7412829752825,1.6449336455200276,54.9901677462238,0
Type B,301.2575267654604,309.83108085922316,1150.7817726793035,36.7611297527941,223,5120.764668775026,1.6728414059232244,45.359863083738986,0
Type B,295.9023504861887,306.8907607455104,1614.9575766162066,49.561279147750554,97,2400.1388861800856,3.298560254998887,52.61812630368837,0
Type B,297.40502730868826,311.9229565604799,920.6429374481249,47.023027870213475,190,4186.392259241544,1.9103884153828858,59.24660862388601,0
Type B,293.6663474774991,302.38020433888335,1777.5385289706694,53.1093834988644,184,4024.22828573045,2.2002626850080964,50.31082035534699,0
Type B,298.8131449900969,304.5825258056054,1446.6031355291898,33.376522113201034,118,1920.986702429756,3.762779559167784,59.709468957888646,0
Type B,312.8887893009883,324.1881959350325,1957.82508014435,43.18473412774392,242,2669.219670006406,2.0594466059341263,55.22202693070467,0
Type A,291.1489874717595,299.84249413748825,1068.2586286058836,28.14129769755063,199,2837.3094390501324,2.7054397587705554,53.47581890263457,0
Type B,291.8127299826482,301.1884759793606,1729.5365563019584,46.66334395741234,220,4064.5841133165914,3.138287005975304,63.35900724777714,0
Type B,290.88645800885547,299.71936313224313,1474.8727907964503,39.770546303728125,23,3132.9648940694487,3.109432112187546,42.83307988931003,0
Type C,312.0919280063967,331.05927920644064,1417.23736713198,42.81009255486812,121,3414.410193389195,1.7010541857737915,50.272753712147455,0
Type B,296.763622061351,297.8008050173592,1157.5391336969637,38.5365027615953,237,2042.3526430152724,2.071988531379101,63.62700096775143,0
Type B,299.8205265775663,308.2671909650357,1648.9369766779291,37.49011179411639,203,5825.9117167153145,2.681418385751191,67.81034414207474,0
Type A,297.18051941225633,307.16576330966274,1669.0343461942145,31.31768825985286,113,3571.195618739497,3.6574104744299754,71.00194739270191,0
Type A,293.3890398511784,300.26446988204725,1946.2819504914723,47.90430214684233,17,3999.000897296944,2.0430936048152826,55.35248871236813,0
Type B,298.35394547369896,311.9532488022121,1752.012565715148,54.89704036741438,70,2959.3745114347776,2.2038322095333536,58.2052816573088,0
Type B,317.2077052401559,330.46073595503447,1351.5261677610663,34.433316410899145,143,2847.372672932149,2.751744652840603,60.72199479064967,0
Type B,309.74449644681977,319.5534779728656,1249.0343540956212,45.535405049710945,160,5412.684654953531,2.871794936409026,63.925526905107986,0
Type B,294.0294352754541,302.9467402540793,1157.8771416194033,44.32183624660242,231,1583.278392993371,2.908152402581642,57.19164354272333,0
Type C,304.5330187214318,314.0851913845052,1868.3060864098675,40.080978113488584,23,3778.6470684307765,1.9921864810991199,61.48304246412247,0
Type A,294.17934059133535,303.7601939767441,1305.4564289305335,24.734042666352835,99,2288.496108892107,2.180771117839357,58.218416603111656,0
Type A,287.56542652807644,297.2519344155734,1870.0574672428268,26.984026488894074,68,3094.998845602995,2.629300719881181,58.65556759335863,0
Type A,307.1365764236524,316.3845800175852,1631.2680102155166,32.190180488484295,240,2861.905532325979,3.257386787576969,48.57141534169944,0
Type A,308.1206499265049,319.13044718487447,1582.47572039849,18.609952764280685,41,2514.022316580752,2.3569095507289437,52.69550396436643,0
Type C,307.3223657573353,320.3352140166468,1423.2829218599254,54.08030729905615,55,3535.4417297063274,2.4866188599497083,51.34061561345526,0
Type A,296.710943255463,301.7899026650687,1665.1682282505626,43.67703229179713,74,931.9708526939344,1.8844429377163543,46.67773182495035,0
Type B,298.8325698619861,304.6299142650535,1496.1323092907994,39.700389516008784,26,3184.5115180813027,3.6179360991353455,43.43876343052359,0
Type A,305.24835887560687,308.2542867576728,1407.6966771327975,18.097641807321715,160,3409.710024650025,2.592557768285026,52.03460750985496,0
Type C,302.74047226143676,316.20606186286716,1674.00119666205,21.761291449795998,131,2140.7234535939874,3.146652867734045,53.15282371494618,0
Type C,297.2445377009207,308.24583087368256,1464.0069726947174,39.97658611813041,139,5013.218721449384,2.5179383248405602,55.735259532194895,0
Type A,288.66649725917284,300.68756732290393,1300.4163053152934,59.70489965483977,226,2905.5416252026853,2.5511602391460473,58.890164885880985,0
Type A,300.7971263589941,305.07913340554023,1649.9566938651628,33.01355804126918,108,3262.515757535163,1.5998146654887635,56.316855705240755,0
Type A,307.5530674746528,324.69285996617333,1484.0035860928588,48.637980144124384,77,2907.7808360852973,1.20954287818446,53.20162175728596,0
Type B,291.6168819767609,299.1814783441795,1622.2275029394511,35.20097592325039,93,3418.433879569414,3.2511431271015754,48.594115789561876,0
Type C,304.4713156717318,315.1441389001768,1386.5350354114535,40.552392592888665,200,4808.144093506049,2.546834928557452,61.139483682508526,0
Type B,302.32079186593586,315.73833050864937,1197.719673829761,52.14683848892932,132,5973.015803923475,2.6238568737919707,54.28724447897419,0
Type C,305.2510378426263,311.30311881944203,1933.768490628569,36.540483698334555,42,4245.639203700659,1.7505677486797535,51.963471434951636,0
Type B,306.10382849803307,313.9185310639824,1886.6528526908935,33.09895091947867,172,4587.993766971771,1.9581614933238258,53.69482002310711,0
Type A,295.13874330652254,305.85543040492604,1720.9462403154903,54.18070554124764,186,5216.4274814770815,3.137381200680991,49.87078956851705,0
Type B,288.6812841988454,310.11117650070423,1403.0473286564318,40.45557821113595,62,3748.871076766457,3.544086262504862,51.28528253612225,0
Type A,296.2653633202198,307.4698622916279,1424.9205067097319,50.91205090586163,139,5070.25087361187,2.127235591736469,51.06279180696868,0
Type C,306.2238912226891,322.64933582521195,1845.581861474116,33.14751106615313,140,4292.401132390403,2.9028899730178335,52.98863807399672,0
Type A,296.2059726753182,311.028665256086,1411.5424906081466,54.06674208960976,43,3643.9873593115717,2.614014959608963,59.59028469772663,0
Type B,295.1416967329965,306.6137368789746,1341.8609909131756,42.73627274534611,2,3850.3410344514677,2.4276826359533645,57.849784479784255,0
Type B,287.2505476065275,293.2937645200048,1968.0586689091133,44.347876262146585,179,1678.5830366321757,3.6111754121069914,65.8271618509655,0
Type A,312.2685328818566,326.5075473251295,1488.0805795965318,41.316293114291746,153,3792.11926044615,2.228079012386349,63.48210364478406,0
Type B,305.7799954899772,309.787554123385,1942.1063321284614,34.94525018003498,178,1956.2524795537038,3.2444275822104913,68.69495241264202,0
Type B,305.38927186892334,321.7927723636317,1150.4020223274995,39.98317189505028,94,1874.7308483888926,2.7288539902252293,58.91410935769581,0
Type A,306.77407770745634,317.57409894032935,1629.5462206961254,35.574097620106336,128,3692.878689025225,2.4898664065811085,58.80173655661471,0
Type A,304.0369585308038,303.4360643416111,2017.770649804154,49.59546062644786,245,2385.921404799946,3.323210303819847,51.58808955654005,0
Type A,298.2896980137433,306.92767363361594,1507.4376861647154,37.969428329313374,56,3492.8862486966223,2.6740806990538166,60.78210428246849,0
Type A,298.8536512711446,311.46944255483635,1433.998876933051,25.034927722061006,163,3638.434519349865,2.4421434820526313,50.407181489698374,0
Type B,297.00704944785514,306.0589539556961,1208.062020600395,23.20576265010716,33,3683.049600817135,3.3276653037892197,44.70681132932895,0
Type A,318.443185280905,331.3032085248793,1770.5857636088117,22.732818476795757,16,2595.8785929578985,3.249557352263135,65.68426374573428,0
Type C,303.8913842190961,310.49128754824693,1307.4679793398282,46.17970757553941,239,4398.682382481199,3.221177992692325,46.2557288375713,0
Type A,296.75339691053995,301.5294674193895,1476.2978601525028,28.484956886265557,32,3410.764763533921,0.16731739502820142,58.07196252716919,0
Type B,303.25847741916397,312.97269580697355,1191.3744300518472,43.00085775838567,163,3941.075680171162,2.764105975443046,48.83768039016646,0
Type C,292.92391757500576,303.0501802441654,1889.2236500243582,41.36574517491413,128,2303.5603860530036,2.6272703158419817,62.88667335954284,0
Type B,310.5315470301246,319.1380096258753,1788.7213276814207,39.35291405090223,202,3321.6724432040132,2.4790820475487085,63.84064990039487,0
Type C,295.37251632935,310.28168091591874,1492.1038126967173,44.38405203382369,136,4597.29448327012,2.8658677803836072,58.7042446519623,0
Type A,303.5075980283573,310.106768527801,1211.462766103268,41.583035370905264,174,4470.177631808701,2.6563341235027167,63.72455296633339,0
Type A,307.46184340820196,318.71450583753136,1883.9767623106582,12.902702572190499,223,2702.707317075606,2.906684450396309,55.05135953081786,0
Type A,302.69337980943493,312.9652596940894,1408.5170682382131,36.7637475915151,207,2954.4418094251546,2.3392229153470043,70.63922276578235,0
Type A,300.6612899427375,304.43442613419313,1223.6987897956203,44.25103134063431,180,2511.3132699361813,3.3989083781058955,60.223156634450355,0
Type A,300.0756145939921,304.79949385931803,1059.470496881864,56.402828107549986,40,2843.5870817391183,2.9673665150636954,48.69613908263415,0
Type A,299.60491232179027,309.6525563867848,1338.5087170265563,56.86457616582497,42,2100.932459293471,2.825515954308904,55.487246961208974,0
Type C,295.9631105775075,313.88791057225535,1136.3404693675152,26.368494864147433,124,3361.824127591526,2.796223140224118,53.93248581649453,0
Type A,296.85361599161206,309.1706952392073,1344.2947908692938,36.50274700687227,164,4133.138398182844,3.194368784496138,53.24703159093637,0
Type C,310.35713261555657,313.454593314978,1686.1021834244289,24.338851862920023,166,2714.9471361989213,3.1130126721612936,43.40002540470555,0
Type C,299.2402435712039,296.79829131072654,1406.1499590061917,55.19885075110083,196,3409.393717338823,2.4323367678722274,57.70805181110422,0
Type C,294.4994261143206,307.43164048633815,1588.9233455284277,50.12856208148551,25,3279.5015923686433,3.0941862284939776,45.29972914741613,0
Type A,296.38591682196943,306.00106289025666,1319.166335116942,43.50587886863175,43,4555.118731598219,2.604431344025227,37.32214903634332,0
Type C,307.7025947648806,322.2676586429221,1516.2922665910578,41.6609486126021,37,2888.4081631955787,3.650156074900197,52.59190451213687,0
Type B,304.72924643215134,311.20637474930555,1980.2252055215054,53.80631100349474,135,2924.7838923491486,3.158636686628179,49.708744426254334,0
Type C,303.9223042476258,315.3231542390599,1412.878480493276,52.11325194760139,158,2653.9788717076385,2.124634408862984,48.969240911551125,0
Type B,298.19735160763145,311.5820454597429,1596.1073594049146,51.58044696656121,28,2362.4904799215124,3.898426413670159,33.27832834744135,0
Type C,304.01353729121064,312.2236827383847,1108.6181931328904,44.5667985978226,217,4029.18499144697,1.2387760984061025,49.04409986832866,0
Type B,295.4950721253455,303.7907298444212,1880.0265306042177,36.50771700485838,75,3364.8892036695215,2.882412844401425,53.78450694379109,0
Type A,298.1827017805796,308.28375310497313,1380.6983427637838,47.67124832017557,165,3554.809859823302,2.0822516023328284,50.56092241932734,0
Type B,306.78863141174224,318.95933679798355,1762.6334124766254,48.16041905255115,187,4774.641156195396,3.6293081762038115,57.71140573377332,0
Type A,306.11994375243347,316.06260773438584,1469.2049260602737,38.093625304080405,9,4832.080725927872,2.651683639177172,64.74862453932894,0
Type C,293.12663107834436,307.0226164293823,1652.8948412552015,36.487510811657586,216,1853.7656921651967,2.0237227209477275,58.61457208178623,0
Type A,294.01131482963996,302.16357407257186,1667.7531068027502,51.333132695582094,242,4147.834673095567,2.34010317266825,62.1847600587139,0
Type A,300.76091506969385,305.4473342478414,1386.8899151218206,56.64116108769606,239,3725.6469257111894,2.071641124800645,62.76388682753914,0
Type B,312.08292662268656,329.99082809513925,1772.976608940463,32.50604219085234,34,3038.4090008540634,2.3165338128579527,47.86797463053301,0
Type B,286.59104384871705,294.1725089025473,1310.253784001725,37.366233245520256,98,3827.683687027942,2.302811430466297,58.07380284880337,0
Type A,301.94833057699356,309.6745622421226,1694.4835550068858,43.50933076454698,58,1773.6167647792142,2.0493064787793673,61.96610147355826,0
Type C,290.36769667898795,300.10448339469923,1402.4486764583673,44.86598997748611,112,4962.642342776399,2.6620382869495742,51.94827665366064,0
Type C,295.5596830453212,305.82840748393716,1587.389487158015,34.77633640758706,243,4014.9440970719074,2.7347344980440393,49.46561344978796,0
Type C,297.44900107355033,305.9022665035972,1384.5017494114347,58.835206303440444,190,2634.802255167341,1.9022161652344196,58.7128452145151,0
Type B,297.05644159594175,306.9867060081457,1512.4939936766489,44.22095265545171,192,2914.589778180476,1.5050387421736013,44.628597897486245,0
Type B,296.2634284223855,306.10437949667283,1231.3265745770582,45.313834084705526,105,1796.8535244525597,2.686573871289743,47.38396791853595,0
Type B,300.0504494226346,310.74972673071784,1561.8892461721985,57.588840815117535,234,3186.042750163746,2.81915233067172,50.33270556691597,0
Type B,296.25321103358596,296.82326119763667,1511.0469587398966,35.5093837475541,230,3017.268022759417,2.9381300571767404,58.15359949191496,0
Type A,289.76279830602095,307.28630353405237,1364.9616114818818,39.11568123557722,201,2174.889612876241,2.8307046289564766,56.53238765088965,0
Type A,305.45908728765943,314.8699340335212,1486.2430084024259,27.466777709783713,203,4276.702233709778,3.4436300654421936,62.22659615686492,0
Type A,305.27010517004214,317.5925956478301,1533.5011190419775,38.27649527746422,162,4776.7971896944755,3.098240732158758,48.54690961945607,0
Type B,305.90222017015867,310.3898148040226,1345.910736683722,25.11072476064637,23,3472.639509955522,4.107896917849345,48.17168920112744,0
Type A,289.21485852615143,297.33085748115445,1467.8103560675827,47.47849354193172,71,3194.353117153632,4.3603883180997665,58.66738378124765,0
Type A,302.0924270680891,309.4031636028074,1248.6120147762697,44.19996750069992,192,3934.984602131794,1.4451384474131719,49.40933167125075,0
Type C,304.73185199064847,320.61074704868264,2086.4332597402517,37.2293069296146,81,3480.361037504957,1.1817168212584928,50.77547259153906,0
Type B,292.78158552092293,300.4383310935794,1764.7796650520463,38.99576292182152,43,2417.8207837688137,2.495565221291971,42.00264612523776,0
Type B,300.0642127372749,313.09653268503524,1568.2735264078879,47.614664151889905,236,2847.3220134127387,2.802539457928193,57.03592200989511,0
Type B,299.1861334828274,306.58445167213466,1793.0282318691739,28.642039131101022,122,3203.5639932519694,2.4544689945965668,65.78903330271318,0
Type C,312.8950546099778,321.08457885136204,1005.1868808290556,42.04167867452523,215,3748.186594476696,2.922148267634656,47.79497758589734,0
Type C,313.471472259088,322.48927159828526,860.5800655414985,46.995098064587445,71,3509.3367178764684,2.3378547547609747,62.15192528204079,0
Type A,288.3495052466886,303.4848857540058,1400.1772345625234,22.177259225927585,89,3710.3693799871157,2.083629541951526,54.58420993307034,0
Type C,317.45748904009594,319.8980784039755,1155.3589640994728,46.84938005702019,85,1975.1720167160781,2.174265484089373,42.64209753112978,0
Type B,293.5934199519267,298.330765730829,1440.8486188879176,23.259375367384333,93,4165.217744084929,2.3798989785614775,48.736912010603106,0
Type C,306.864713060292,309.07549239753274,1551.4141601487247,38.82405516148467,109,3503.4158840085124,3.0061074064360898,48.3047286703736,0
Type B,306.7934858660461,312.4434773870003,1730.1036245851528,28.366088959047737,74,6052.709054150154,2.2079555820005017,52.78430550401561,0
Type A,293.03016841210734,299.78376820733894,1215.4340039311967,54.31246579290015,203,3112.365629823587,2.3266187782499768,57.93660001912693,0
Type C,303.45287455687367,306.9949495405121,1599.9076715400179,28.428789458476523,81,3823.4584951093725,2.842130106426612,67.94245986069002,0
Type A,299.24726379013754,306.31067280367887,1503.597423288058,23.498101080346174,110,6329.219162208502,2.380722161472886,44.981979435570594,0
Type C,303.88031003242673,305.82145210869305,1586.877327483271,41.333521415963155,215,3694.091629503179,3.1700263303872336,51.606558221560086,0
Type A,301.61470611666437,307.5427512215936,1370.0570123116,35.862970199791775,109,3432.369460723983,1.9482962606589633,48.72813402962502,0
Type A,308.37437639759173,323.17605799723253,1845.78378496553,24.95394771336067,2,2513.0781052493485,1.818181746120708,46.124143769574914,0
Type B,300.5277968020224,312.1421490831468,1474.1228378925684,45.258151991548495,0,5028.266367208985,2.6827774204110053,55.66813380626696,0
Type C,298.82488151401583,309.57475220270595,1943.5455558759422,20.085009375503205,109,2340.89841382343,2.7425730773588777,55.01035993830793,0
Type B,307.67244963140024,313.6613354062838,1302.402836579444,29.63759027416875,162,3927.120916848122,1.9810243035499524,42.30338357041992,0
Type A,304.0627717540102,307.9184319178313,1685.7068349888884,34.24781729579215,235,3026.4446786916187,3.3061572407964555,55.12705369561826,0
Type A,305.1226937602462,310.5660694581091,1485.082879859868,48.0222239215514,32,3310.6637374219777,3.6549620858621354,46.56222804962203,0
Type C,295.3478932941898,305.17505398660575,1418.0643958333092,52.954683670131516,135,2076.067731389942,2.1232874722955706,55.08279403394483,0
Type C,292.68316053021067,306.15586764911734,1658.0788351168867,51.02782247327573,72,4843.127221733895,3.3923804036387146,63.88647545244263,0
Type A,296.0259449972311,309.6354146657724,1425.2066302026026,38.46726209537767,112,3222.202694081723,1.0707206967995666,58.24147572753157,0
Type B,295.6542503002359,308.17669975016923,834.508665710668,15.726917552048437,110,2284.9103411069664,3.145667360030815,56.24261966084963,0
Type A,305.5033948805704,312.55316742429864,734.2829692064231,43.90853021218558,78,4752.690597040091,1.9853423373229495,51.29863969817629,0
Type A,306.83188835205834,316.9300876816743,1818.1055400710122,54.705737392246135,4,2995.8631869626965,3.0856436091832835,55.46807355591342,0
Type C,298.9140879732732,307.6287178531242,1807.564614469924,52.33790407813568,18,3834.607291730721,1.9232344084260007,58.94277955573237,0
Type B,310.01643313177044,319.21167407779143,1971.8352365639867,44.6294900974372,130,4341.416382134366,2.4589074792239227,58.249164399658866,0
Type A,309.5792857563559,327.72779734419515,1495.6179379294556,28.104972356615473,56,3974.03433057432,2.013930642074896,54.30546865330519,0
Type B,301.7037924148038,304.6557914667893,1176.8412995005272,34.74692996371585,81,1303.3644495009648,2.3716715813307516,56.52163426757241,0
Type B,294.2467575991987,303.3080503355097,1395.1040393372496,59.338143987456746,22,4195.356700977787,3.5979544173582667,45.78406725970544,0
Type A,311.02763654604877,325.8746321748334,1502.8561288403282,25.83270465335866,12,3399.386237334872,2.4352373220439563,49.859642576555835,0
Type B,299.57287854280116,303.70931256266704,1248.2404439287227,28.521587718496143,31,3170.9713031966676,3.7661809743555015,59.9529182678219,0
Type A,300.8831563750168,308.3081666739518,1912.1436807434666,49.42551551165284,94,3390.9250510247775,2.2685124633442983,60.89423065961945,0
Type A,297.622764820754,305.50661083048345,2059.875719910934,35.68840755194472,40,1889.9672060589182,3.3950588222840814,55.655190135875536,0
Type C,293.77146771591964,302.8783088277037,1619.5701751825445,28.18244877795378,57,3692.1709146618027,1.5245844360923182,65.35276014055606,0
Type C,289.71952398779297,293.3356953493681,1497.284063325451,55.279711787230156,75,2135.6086262906897,2.3280945667730855,58.55613591522957,0
Type A,304.430078264901,316.81122250625316,1176.258255381392,44.6105597814514,72,3214.1602904433685,2.1783340088047853,53.36810737495855,0
Type C,294.5161926227237,307.18134175277623,1886.608474039013,36.18198835622822,2,3656.264431538211,3.422623360478285,46.4617307287161,0
Type B,321.41671860297777,333.4502199030496,1519.0767027122615,28.542251641004846,29,4574.0370879876145,2.6111492716216445,65.07113275020241,0
Type C,292.39748492171265,298.9159902245483,1427.708900397347,60.47406563859938,237,2680.3868401402856,1.247150098211503,60.39222220008204,0
Type C,291.1983226751304,301.5443658382796,1620.2935221686344,39.75548181253392,166,4951.587371845989,1.7139222071658626,67.58817996051363,0
Type B,303.5709710092941,309.97321005101776,1353.5721177527037,53.973280624694944,30,4446.853253515147,1.8924026503723597,70.1679321885274,0
Type B,310.70519435277106,319.374807709685,1536.7187932804545,48.9363354460944,70,3070.5902575094638,3.0604301764673014,45.99141785252068,0
Type B,300.45212759860254,319.06599930728606,1139.383287288585,34.79098438336766,95,2391.250733597397,2.9830044901937653,46.0096637911097,0
Type C,304.00569694131093,314.38847845169596,1771.7717973131084,34.87058885010219,226,2056.183817769579,2.319760340223328,34.95760061201653,0
Type A,287.095168077789,292.3450617738403,1473.8972397160817,54.463148979339195,219,3771.7538515331394,2.170894123829456,61.42853495920829,0
Type A,295.2574191801576,305.9787605428133,1789.700215158503,54.62517332619978,192,2762.715850459186,2.9298329445100317,59.595378812413195,0
Type A,292.484689896037,297.0775061917838,1449.7159555395951,21.230840238792656,26,4699.356805281715,1.8222861445408238,55.68445300088093,0
Type A,286.73467905036483,291.9386374803048,1465.9500728040055,45.497802609821925,122,2820.47617017173,2.7746013867702115,46.41706738269619,0
Type A,300.8188616381672,306.65436909437204,1196.9206429270107,38.7878519527638,120,2599.329019948028,2.7235107981221396,54.3767641761266,0
Type A,284.30020664872694,292.5229688399442,1689.9392432545358,29.66676837061494,159,3733.626351244314,2.3352462441599413,56.292938465053936,0
Type C,290.7446282373879,304.49250421974466,1281.0400114942272,42.61746094717198,211,2813.9531428405767,2.738606779027429,60.479079668154185,0
Type A,296.2396434419061,308.55323623397345,1378.3944067001928,26.504032090136057,80,3508.5499933688034,2.5612566118448106,56.910908401257004,0
Type C,294.1809991483425,306.2729804613318,1500.261796520634,35.335446453539,139,4485.989330058521,2.798451696853924,59.64660906493816,0
Type A,302.77485951544946,308.3791612530873,1530.306045922339,32.015262672300324,65,3617.229331668724,1.6995386149119436,54.13108391060166,0
Type C,302.13906134331734,309.97380392157476,1073.4757649455603,35.002087358440015,52,3620.964460702724,2.868701188317221,63.27037325747676,0
Type A,306.2565912215482,317.344595649081,1442.2985336279958,39.28521506338009,78,3705.146708908418,3.1159607977013635,59.42211054210409,0
Type B,305.26668612898874,312.7534061874351,1698.8075546609284,29.844333380945137,183,1806.9010097146067,2.692570852338667,46.69146850509423,0
Type A,307.98568952552966,316.87222376432527,1405.4154913690243,55.73179028873298,109,3891.83774993049,2.8607295105948998,64.7245425735937,0
Type B,299.98657119993663,311.7520059700564,1443.8170614466696,44.93283233394125,170,3659.9315767258963,2.4340484095541424,63.579000659005956,0
Type B,302.12426830571667,310.7291775809115,1540.6015127106816,57.94563028382055,172,4392.8973269834205,3.034799539757826,58.25832315937059,0
Type B,303.58059591343437,314.48483426984245,1468.5098918632502,38.39920030921981,90,4105.810801137119,2.5391482767879126,56.96502393491225,0
Type B,300.99159688173717,317.36251070581545,1242.3711244030987,34.51210037702891,238,3298.051368394486,1.8112352305272337,66.61028098214828,0
Type B,297.2196398305805,306.5322046346325,1490.9134690832739,57.584156144930276,11,4532.39289151069,2.9921296929299563,43.56680993609548,0
Type C,297.6729022596216,312.3902534984984,1748.518292501474,34.21940260126015,224,3207.3693023872793,1.5195122514953368,63.68857166841755,0
Type B,294.2770912116902,306.51457148091964,1237.2060131832272,38.217079780108755,1,3747.157104077705,2.66966784657303,51.666553109979546,0
Type B,302.9513178093688,307.0823498354217,1406.3795276285455,47.200474104973146,95,3188.850569520644,2.2694662899718123,62.666242124872696,0
Type A,299.34189378140394,304.9333456643498,1154.5921690162306,27.622741917027216,206,3961.7578049232116,2.231124550177173,55.842630930183304,0
Type B,295.35778374554263,302.0234002132631,1735.3454876225862,47.1129468479365,171,3123.510217362238,2.6031932499557233,46.29951783614233,0
Type A,295.36428626472787,301.9449465969967,1476.9104482905302,45.833470661646025,80,5147.551608941567,2.0744270855092033,51.524361329750164,0
Type A,291.52720890552047,301.1660499210932,1287.450091598534,52.69325318037833,221,5517.36273722564,2.8073236084766995,62.15210351216176,0
Type C,306.8518893886604,319.31046558098774,1523.0664000357942,48.90044503010141,34,4373.938254186005,2.534077979573201,53.528544830760886,0
Type A,300.5503236867225,315.57095735354136,1199.0999462761367,52.99978352877571,167,5041.296649414028,2.129623629152681,50.64960209697326,0
Type B,293.9603998629871,305.19310021788743,1241.6261171348983,38.895780994915896,129,1960.7855191409528,3.302907742027791,50.602795595434856,0
Type C,305.6598342472141,313.8771160230013,1134.9666175370548,31.373296812929397,51,2078.622256725005,2.622869566179699,59.495731955636536,0
Type C,296.0768583314394,297.74789335691986,1233.30519061065,61.09985414083362,230,3178.439433368787,2.8784805600546886,67.25444521097974,0
Type A,290.15449561091435,300.43685391258373,1839.3343959999515,24.733043844780333,191,3541.2309652588774,3.3499532376966528,40.013816405546024,0
Type A,307.14855602453395,317.2516367993139,1316.720417179351,25.734869211261923,2,3301.7925819003344,3.340107121476623,74.604791131403,0
Type B,296.2403210730372,306.97203608719303,1616.5562806628698,45.651280405088315,21,1857.8647503670466,2.847871272313713,56.42622360283292,0
Type B,297.1377063685385,315.56266755935184,1290.9246450110195,56.249860481773496,14,4651.591706323647,2.3184050793941173,59.06156894709179,0
Type C,300.28826014244424,315.25064632721654,1689.8834364408049,41.89550845914165,103,5654.198233356937,1.6421777274776732,51.946167769968156,0
Type A,307.9981245595308,321.13836823253075,1243.479499767171,49.99303699702206,104,4780.987679172623,2.6240144202878475,54.975394126002215,0
Type A,300.1402610360642,306.2919525157778,1509.806981940439,20.041972725280417,180,4585.523268786472,3.1567505894904313,56.34759108491775,0
Type A,291.6061801169834,299.5542011201964,1513.2128274672373,35.004550378188625,168,3726.119605145603,2.712588891635971,47.65632805364075,0
Type C,303.8071390287853,313.42776060107127,2081.9513341066477,21.260521928567407,3,2657.002629272863,0.4332495701392616,49.36022993219729,0
Type A,296.6050719301679,303.5034434341265,1657.6063219950413,47.8041095822866,119,3572.5280526359675,3.02203729289588,63.29197278623877,0
Type B,313.2154678007063,325.21732590064676,1351.7739964176817,24.527686734109857,196,5605.588036841504,3.058899492865445,44.13357208248545,0
Type A,299.9921619460148,311.4197973428776,1671.2622409126284,27.221811539673528,224,3148.011887492944,2.3192666837642117,58.087273723194784,0
Type A,284.35475151470933,290.00152034249055,2034.543617621302,45.14025204961403,73,3045.0427521760585,3.0930170051521135,52.40638163441571,0
Type C,302.5015548050897,317.2888216414742,1092.5909773789263,50.618243520177295,11,4607.303659103914,2.876779248636026,48.27504995367097,0
Type A,313.6121845458216,324.02142588105704,1289.3794893578183,38.41031891770783,38,4673.686050745596,2.0886959246307826,68.80352296378581,0
Type A,311.03144201981775,314.1151574328487,1440.7756102216765,45.7017250410851,85,2652.0981942251965,3.2627806697306108,48.31848207116993,0
Type C,312.81668002129595,322.6113085879161,1395.7279432145122,45.37788166873092,110,3238.5153867625777,1.7395138461363318,47.089286001858696,0
Type B,292.86167870232975,303.98650452602135,1416.8108254175313,37.84573140557528,87,2998.0945040985653,2.4656531973766387,53.691191075356244,0
Type A,306.38506677183744,320.2762362175804,1173.9419336016892,29.052945171137512,22,3569.68937906109,2.4057986123367487,49.62008956128529,0
Type B,294.946038221843,303.59613260933656,1850.989013387503,45.64891406884642,85,4603.6866709514925,2.0047371086867316,55.04466459896184,0
Type C,301.57002579591847,314.8817788657073,1144.347850380845,46.13095690775083,72,2695.972478871909,2.682276320589379,56.08779507655973,0
Type B,291.0893329988219,301.83790094590273,1449.9467975943753,48.94024403090259,121,4589.664812236937,3.2862213397438347,56.64260645944449,0
Type B,295.488809645821,300.2285912096707,1761.4576479401744,43.120664240788976,19,3601.6512489213087,3.248645123116833,54.13276406929506,0
Type B,295.2662731184547,299.60560602452466,1492.453785713537,28.315000865206734,197,5826.192136314277,2.9341985288451493,50.084868078354425,0
Type B,306.28988696099833,320.7801264415957,1255.1514582743077,46.9034016136918,104,3818.8308843708737,1.4824464958718229,59.50382129875531,0
Type A,305.6050338516876,320.38897056521466,1162.8310859065105,39.986189197716584,79,3403.081430370735,1.6984286194737286,54.218150634470994,0
Type C,301.93773810531576,313.22937502693463,1442.5002009930545,35.17262555676657,226,4074.7147271159924,2.599701471855261,51.53067881561515,0
Type C,290.5470500736123,306.5298769583324,1310.7426085373834,37.05364162806288,186,3162.85376211279,2.4794589753498752,65.35995589368265,0
Type A,297.81852396235195,312.0449633585184,1551.3077729257445,33.097428216096205,34,1704.7268766481745,2.201152103501011,54.15081627725984,0
Type C,294.77718461940094,307.5116995373198,1149.6372130689551,48.88843778854429,36,3259.478825728902,3.643193918472899,62.64390621047614,0
Type C,306.0877302968614,312.44248434192673,1703.2589342219055,25.818852664199795,0,3243.706390930775,2.563516091902685,63.587869129765735,0
Type C,308.2472939697203,325.1730089738497,1528.8873807911161,30.065140651935817,140,1907.6825394501882,2.825447644714491,64.01370984798055,0
Type B,307.3946991022162,319.5399048310493,1547.4590985881193,36.712271153283055,88,3426.964810205507,3.0927363285690674,59.8381046567777,0
Type B,294.7134640640809,303.17010896563437,1860.2691945600043,56.13750848239,93,1432.8897753906026,2.532975069803476,54.99556552186964,0
Type C,280.8232681439736,288.1501881227524,1390.5511254070334,50.54280549092849,127,3152.3131648445205,4.054637300747421,54.55170816544282,0
Type A,287.63126671308964,298.6584018391451,1318.545826316694,23.591591967527744,134,3743.595992044672,1.9357766185385779,53.29115917061698,0
Type C,309.95138884657547,313.2671525072216,1363.0590929132818,53.51347088752486,0,3596.9961771382323,2.1363570460635266,39.831730309908124,0
Type C,297.19121542476125,309.9899085261727,1451.8683576191854,53.49420216983684,26,3088.9305271131816,1.934304569030496,60.031647640235036,0
Type C,294.74492767214423,300.9306444133681,1477.258776302168,28.25991673977357,197,3414.4695980519286,3.437594971856382,56.71125896469555,0
Type B,311.4986220540536,322.98105448935075,1292.3255658495568,14.785417294035547,238,2715.935562522169,2.981251524531188,60.778669863460394,0
Type B,308.8561196184183,316.76963826898566,994.2286867417353,39.27778377652758,209,3510.816519422535,2.1735088523688444,54.18098913969625,0
Type A,300.17114105343853,309.1134662025397,1359.7677497802404,51.22424409299822,226,3558.086406591771,1.9816741750271318,59.653776133674675,0
Type C,297.9461783625522,304.91853887149193,1589.9564165717225,55.91261969800202,115,2599.7500220984903,3.3309343003615624,45.35745055996989,0
Type B,299.07529151030815,308.43037378558495,1534.064576563373,31.291727356387497,206,3767.699200509098,2.7170126292033157,46.81514073516901,0
Type A,301.59013958871225,319.14765777278166,1799.8886174564568,57.51979104662965,220,3761.4526550804535,3.346250781169803,37.66651880195033,0
Type C,311.20033096923726,326.7405694774318,1988.8716359909472,17.720676041832988,223,3333.7900864189287,2.463910389531066,54.05955562917862,0
Type B,302.9572719696606,314.37518778964244,1689.8334428646172,36.31949386170712,37,5921.047036286818,2.80692119346016,49.592320885549796,0
Type B,305.082203231274,314.98102616901417,1845.6301606020565,35.82789330784253,36,3359.2976133156913,2.680136593146402,48.676326873807064,0
Type A,308.1848907634912,321.5616955262627,1691.69357306578,51.52337024924303,100,3220.765754626982,2.1255331993755586,57.34256664575715,0
Type C,291.81226799282905,306.3321495692593,1927.474813981846,52.9830246593978,125,3077.606890792267,2.4135135047145946,52.0214496406166,0
Type B,305.2840332473183,311.96475971848815,1962.713408572817,49.542236554333954,239,2529.0607769236003,1.7894179934209933,44.96836295237436,0
Type C,297.9380187173687,307.62826324683994,1737.7912926947317,26.494499512541054,79,4185.897359843403,2.796464094236346,72.81336740926469,0
Type C,282.3873336295906,285.0995007113183,1676.5950366061463,48.62619031798922,207,2813.75303198055,2.9567492478081157,54.74092565658347,0
Type A,285.1028132060993,299.5952216471429,1448.691957015658,45.09041968593492,221,2932.0518530022473,3.0940967200631917,47.41785862945012,0
Type A,292.8731767193692,311.13327375017263,1489.6656797590226,23.287656147204093,241,2961.7584404614017,2.899926935902603,50.31115177346865,0
Type C,303.71856260014806,314.0388930986404,1415.5406671624344,19.329861711983128,47,2515.056484151489,2.423073918098185,53.787999216935575,0
Type B,300.79659695738206,302.29655645777,1655.312902723764,50.379892900207764,60,1748.9166674552769,3.431182387046191,53.7732782641996,0
Type B,301.2905669502297,313.7261290165378,1319.912990660163,38.19900699020756,54,3037.0601328408065,3.035385092637727,64.11514991132114,0
Type A,313.65660437880683,320.0402477142105,1452.2234475550226,27.148179075451246,183,4373.335312712291,3.3331277809942628,54.44399029657455,0
Type B,291.11637269598134,298.4629749293235,911.207528705425,37.91828071291231,171,3696.9798054652438,3.3707720226822104,67.98645720307776,0
Type C,299.80796652071393,312.3142720798779,1930.7724736931273,43.64041081113203,101,5060.575270188125,2.4246402068158655,51.97303939191526,0
Type A,302.1310486596967,313.1492651617476,1444.8813543534204,39.17148873332453,22,4250.956304989184,2.7327276741359423,57.98505228181925,0
Type B,294.84608818423163,302.8936530828772,1613.8951093341443,24.480138468739135,130,4023.964810274045,2.9647391100984866,62.15386136029481,0
Type C,300.1982872155806,307.59986468517394,1864.4466736778506,58.855569035641096,183,5382.649022652715,1.810514927479345,63.36606613298175,0
Type A,288.8003546614096,299.3036988822929,1575.073359360295,50.04217968987892,118,3402.8544049967886,1.8238160965727204,64.1831055220017,0
Type A,309.8693435209252,318.2314813108757,1861.085925523358,36.646225483265326,67,3563.075673504952,1.7204130124029537,53.09591781383906,0
